month,day,Daily_Temp,Daily_Precip,Daily_Humidity,Daily_Pressure,Daily_WindDir,Daily_WindSpeed,Daily_DNI,Daily_GHI,Daily_radiation
8,1,25.1625,32.34375,54.0,1005.7875,300.5625,3.025,29.9375,269.9375,253.25
6,12,17.61875,24.2375,67.4375,992.34375,146.9375,5.48125,74.5625,215.6875,191.0625
10,4,15.476923076923075,20.04615384615385,66.07692307692308,998.953846153846,265.0769230769231,5.438461538461539,126.76923076923076,193.3076923076923,147.76923076923075
5,16,13.875,11.7375,49.875,1000.125,62.375,3.41875,490.1875,455.0625,126.875
7,16,21.90625,15.975,43.9375,1007.5125,65.6875,1.9125,457.5,454.9375,183.0
2,2,13.05,18.65,75.0,990.74,239.9,5.8100000000000005,114.8,144.4,112.6
3,23,7.346153846153847,2.569230769230769,39.153846153846146,1014.3076923076924,100.0,4.6461538461538465,730.6153846153846,414.76923076923083,59.07692307692307
4,15,13.571428571428573,7.314285714285713,40.0,1009.2285714285716,89.2857142857143,3.928571428571429,749.7142857142858,478.1428571428572,61.92857142857143
5,12,12.59375,15.6375,63.875,1000.28125,194.1875,3.06875,105.875,264.8125,217.125
3,30,12.942857142857141,10.407142857142855,54.07142857142857,1006.3785714285713,170.07142857142858,3.1714285714285717,592.3571428571429,384.21428571428567,82.5
9,21,22.323076923076922,11.923076923076925,34.769230769230774,1004.4846153846154,193.0,2.2923076923076917,586.3846153846154,373.8461538461538,78.15384615384616
8,19,19.36428571428572,25.0,65.71428571428571,1005.7642857142856,246.0,2.442857142857143,81.92857142857143,181.5,153.35714285714286
7,1,22.25,25.6125,48.3125,1009.51875,318.5625,3.2,367.6875,435.5,188.25
11,13,13.233333333333333,25.466666666666665,78.55555555555556,1005.7444444444444,208.22222222222226,4.622222222222223,82.44444444444444,114.55555555555556,93.55555555555556
8,6,28.65,24.425,28.4375,1006.38125,124.0625,1.66875,576.1875,445.3125,85.125
5,1,13.006666666666666,16.24,69.86666666666666,1002.1666666666665,207.7333333333333,1.586666666666667,297.53333333333336,402.13333333333327,187.86666666666667
7,11,20.05,24.825,61.125,1005.05,186.6875,1.2875,53.9375,307.125,269.75
1,4,1.9888888888888887,10.522222222222222,90.44444444444444,1001.9444444444445,45.555555555555564,2.6888888888888887,0.0,31.88888888888889,31.88888888888889
1,13,8.325,14.2625,84.75,1005.925,193.125,5.2,6.375,73.25,72.5
8,6,21.08125,35.24375,68.6875,1000.74375,248.25,2.79375,8.125,159.625,157.0625
2,19,9.49,17.72,81.9,1004.06,177.6,3.53,83.2,169.6,150.0
10,18,15.445454545454545,21.4,62.72727272727273,1010.1909090909093,184.9090909090909,3.1818181818181817,71.27272727272727,184.3636363636364,156.9090909090909
12,25,8.71111111111111,9.466666666666667,68.55555555555556,1013.811111111111,291.0,2.033333333333333,215.11111111111111,122.0,71.1111111111111
11,20,8.766666666666667,12.911111111111113,76.55555555555556,1013.5333333333333,118.55555555555556,1.1888888888888889,4.777777777777779,56.77777777777778,56.33333333333334
7,18,21.5625,29.3625,53.25,1002.91875,271.3125,3.31875,138.8125,344.75,230.0625
4,29,9.753333333333334,10.84,59.46666666666667,998.68,241.53333333333333,3.2666666666666666,29.4,252.26666666666668,240.06666666666663
11,10,8.436363636363636,9.072727272727274,59.54545454545455,1013.2818181818184,98.45454545454544,0.5454545454545454,422.45454545454544,192.3636363636364,57.36363636363637
9,2,19.87857142857143,15.407142857142857,38.714285714285715,1013.8928571428572,342.35714285714283,2.207142857142857,595.5714285714286,423.07142857142856,91.42857142857143
6,3,21.7,24.4625,49.8125,993.9375,24.4375,2.90625,281.0,408.25,214.0
8,3,17.85,24.00625,66.5625,1002.6,275.0,2.64375,18.6875,230.4375,219.3125
2,26,11.533333333333333,7.591666666666666,60.33333333333334,1016.8666666666667,111.91666666666669,3.0666666666666664,608.25,291.6666666666667,55.16666666666666
4,22,17.786666666666672,11.186666666666667,48.4,1003.6266666666667,63.2,3.506666666666667,649.6,458.53333333333336,78.0
7,21,20.9125,11.98125,39.6875,1012.2375,37.125,3.99375,681.1875,504.875,79.1875
8,1,19.55,22.925,51.5625,1001.75,284.75,3.025,230.3125,354.4375,221.625
4,22,19.26428571428571,18.2,51.85714285714285,990.5785714285713,86.92857142857143,1.5071428571428571,145.92857142857142,323.0,246.35714285714286
4,4,6.914285714285714,6.628571428571428,57.714285714285715,984.5714285714287,204.57142857142856,4.335714285714286,405.21428571428567,357.21428571428567,169.07142857142858
1,18,4.544444444444443,9.588888888888887,82.77777777777777,1015.7111111111113,228.77777777777774,2.677777777777778,278.6666666666667,155.88888888888889,85.1111111111111
8,17,18.306666666666672,25.42,56.8,1010.1733333333334,280.4,3.48,40.333333333333336,198.8,178.26666666666668
1,23,1.15,7.93,92.4,982.33,336.4,5.86,0.0,43.7,43.7
4,5,6.735714285714287,11.35,65.0,1005.45,199.64285714285717,4.8500000000000005,1.0,90.71428571428572,90.64285714285714
8,20,19.314285714285713,18.792857142857144,51.57142857142857,1013.0285714285714,316.0,2.321428571428572,302.92857142857144,378.57142857142856,221.92857142857144
5,14,11.475,8.69375,48.5,1005.5125,40.8125,5.88125,614.8125,489.8125,100.25
12,20,11.6,14.6,64.77777777777777,975.6555555555556,230.22222222222226,7.322222222222222,227.0,115.44444444444444,61.88888888888889
9,28,14.276923076923074,28.923076923076927,70.69230769230771,1001.546153846154,310.15384615384613,4.553846153846154,20.923076923076927,86.07692307692308,82.61538461538461
4,10,20.75,14.207142857142856,38.0,1011.5571428571428,92.92857142857143,2.3857142857142857,479.28571428571433,408.1428571428572,140.78571428571428
11,10,14.03,20.82,72.0,1014.38,234.5,1.31,22.4,93.5,87.1
10,28,14.890909090909092,12.763636363636365,50.45454545454545,1003.4545454545456,182.0909090909091,4.3,585.7272727272727,254.3636363636364,46.18181818181818
7,25,35.5375,29.9125,24.25,999.94375,140.5625,2.6875,424.4375,440.625,149.6875
2,9,8.78,11.39,72.0,997.31,235.7,8.540000000000001,212.8,190.1,122.3
6,26,28.7375,33.94375,59.5,1010.44375,53.1875,4.71875,499.875,483.25,132.5625
1,10,1.99,8.8,77.2,1013.69,14.5,2.44,481.2,157.1,37.4
6,2,21.725,30.00625,69.0,1002.11875,186.3125,3.4625,332.1875,407.9375,207.5625
10,21,12.627272727272727,16.018181818181816,70.0909090909091,1000.6818181818179,265.45454545454544,5.854545454545455,254.0909090909091,157.63636363636363,84.54545454545455
7,29,19.89375,24.44375,50.1875,1003.51875,245.125,3.78125,242.625,363.375,238.4375
5,2,11.742857142857144,16.70714285714286,72.85714285714286,999.157142857143,306.5,4.8500000000000005,30.5,197.5,183.0
7,26,19.60625,30.80625,74.125,1001.4875,252.5625,3.4125,42.8125,248.0625,220.0625
9,11,23.323076923076922,23.415384615384607,48.230769230769226,1005.7615384615384,211.6923076923077,1.4230769230769231,331.6923076923077,357.3076923076923,171.69230769230768
2,8,0.52,6.8599999999999985,64.1,987.16,15.7,2.07,0.0,45.0,45.0
9,20,18.115384615384613,27.46923076923077,72.30769230769229,1008.5230769230768,325.07692307692315,2.330769230769231,5.384615384615384,160.9230769230769,157.46153846153842
10,6,14.518181818181818,17.463636363636365,66.0909090909091,994.0090909090907,250.0909090909091,6.709090909090909,43.72727272727273,186.45454545454547,169.72727272727272
3,16,9.208333333333334,19.05,76.08333333333333,1009.8583333333332,252.75,1.85,4.75,104.0,102.58333333333331
8,18,18.293333333333333,29.80666666666667,71.66666666666667,1008.18,275.3333333333333,2.806666666666666,1.0,194.4,193.6
10,10,15.333333333333336,16.675,59.5,1007.0916666666667,247.5,4.25,472.0,289.0833333333333,94.75
3,10,12.808333333333332,27.883333333333336,81.16666666666667,1002.5333333333333,243.66666666666663,6.566666666666666,10.083333333333334,108.75,107.41666666666669
10,30,13.97272727272727,17.754545454545454,75.81818181818181,1013.0454545454544,231.27272727272728,4.163636363636363,11.909090909090908,82.27272727272727,81.0
4,19,16.514285714285712,17.521428571428572,54.92857142857143,1004.1928571428572,33.92857142857143,4.021428571428571,475.78571428571433,430.28571428571433,116.28571428571428
1,14,9.6875,23.6375,74.5,998.4625,206.125,8.7625,0.0,90.0,90.0
3,7,8.575000000000001,13.641666666666666,64.5,1009.8083333333334,244.0,2.475,150.33333333333334,229.83333333333331,170.5
8,25,21.514285714285712,17.72142857142857,43.5,1009.3571428571428,47.07142857142857,4.442857142857143,627.3571428571429,456.8571428571428,93.0
11,12,11.24,15.05,53.7,1006.35,206.2,2.93,289.1,172.9,81.8
7,11,19.68125,13.91875,41.5,1014.0375,71.1875,3.2,490.125,466.0,166.1875
12,16,8.344444444444441,15.566666666666665,79.1111111111111,1001.5555555555555,157.66666666666666,3.888888888888889,18.33333333333333,70.1111111111111,65.44444444444444
4,4,12.828571428571427,9.69285714285714,50.07142857142857,1010.1214285714287,124.14285714285714,3.314285714285714,621.7142857142858,414.78571428571433,82.78571428571429
5,7,11.466666666666667,8.733333333333333,49.4,1006.5066666666668,267.26666666666665,2.3466666666666667,497.33333333333326,461.6,150.93333333333334
1,6,2.6875,10.0625,90.5,1005.2375,92.375,1.8,0.875,34.5,34.375
4,8,19.214285714285715,17.342857142857145,48.07142857142857,1012.157142857143,146.5,1.3357142857142856,557.0714285714286,414.57142857142856,101.71428571428572
3,27,8.853846153846153,10.984615384615383,59.230769230769226,1015.6615384615384,255.0769230769231,4.769230769230768,311.53846153846155,321.53846153846155,170.9230769230769
2,7,6.9700000000000015,9.49,65.0,1010.67,159.8,3.14,503.8,237.4,64.4
6,30,19.3625,31.075,64.75,1001.6625,224.5625,4.66875,56.4375,259.9375,233.5
10,11,14.47272727272727,17.027272727272727,61.18181818181818,1017.5363636363637,7.090909090909091,3.2090909090909085,171.0909090909091,234.63636363636363,178.63636363636363
11,17,11.377777777777776,15.377777777777776,78.33333333333333,1013.0666666666667,287.6666666666667,2.355555555555556,23.222222222222218,95.77777777777777,86.8888888888889
11,23,11.077777777777778,21.144444444444442,77.33333333333333,981.6222222222225,128.0,5.955555555555557,17.333333333333332,101.22222222222223,98.11111111111113
1,6,4.375,11.6,82.5,1021.05,314.375,2.925,0.0,43.875,43.875
3,4,6.45,13.75,78.5,1000.325,195.83333333333331,4.183333333333334,10.583333333333334,123.83333333333331,121.25
2,5,3.85,8.129999999999999,79.4,1012.6,176.1,3.06,375.0,201.5,76.2
7,1,17.95625,23.9875,66.9375,1007.78125,303.375,2.4625,126.5625,330.1875,256.0625
7,30,20.1625,22.89375,53.1875,999.23125,238.6875,5.6875,231.1875,354.3125,209.4375
9,25,12.369230769230768,15.092307692307694,59.769230769230774,991.6769230769231,293.76923076923083,7.3076923076923075,39.307692307692314,172.38461538461542,158.9230769230769
6,30,24.825,29.55625,45.9375,1006.74375,306.9375,3.5875,327.75,390.4375,175.125
12,11,5.644444444444443,12.488888888888885,76.1111111111111,1008.7111111111113,245.77777777777774,2.2,48.66666666666666,92.11111111111113,84.22222222222223
1,31,-0.73,6.35,92.0,977.95,132.4,4.92,17.1,112.7,109.4
10,18,11.772727272727273,12.71818181818182,61.63636363636363,1012.981818181818,234.63636363636363,0.7818181818181817,351.54545454545456,259.45454545454544,119.0
6,19,18.51764705882353,21.75294117647059,57.470588235294116,1006.9058823529413,237.17647058823533,3.429411764705882,169.47058823529414,250.41176470588238,178.05882352941174
8,18,20.55,28.085714285714282,68.42857142857143,997.2071428571428,253.42857142857144,5.114285714285714,41.785714285714285,212.2142857142857,188.0
9,30,17.233333333333334,21.53333333333333,66.0,1001.8916666666668,192.25,3.108333333333334,0.9166666666666666,165.83333333333334,165.5
2,14,6.76,6.590000000000002,70.9,1018.01,140.7,3.12,660.6,284.7,58.4
9,3,20.76428571428571,21.835714285714282,46.78571428571429,1014.3357142857144,299.7857142857143,2.207142857142857,606.6428571428571,413.3571428571428,85.71428571428571
5,16,12.1625,16.44375,81.0625,992.3375,235.625,5.1,71.75,260.1875,208.125
3,14,7.85,18.65,93.16666666666669,996.3416666666667,259.25,10.241666666666667,0.0,99.08333333333331,99.08333333333331
1,10,2.177777777777778,9.244444444444444,80.55555555555556,1012.5555555555555,13.777777777777779,3.7777777777777777,17.88888888888889,95.0,93.44444444444444
7,23,31.0375,24.375,32.0625,1006.29375,105.6875,2.95,581.625,477.125,101.3125
3,12,9.266666666666667,12.475,62.33333333333334,1000.4416666666666,240.25,7.125,143.0,208.83333333333331,158.5
12,20,9.425,12.275,77.0,1007.675,215.25,3.6125,248.375,133.5,77.125
2,18,8.736363636363636,10.78181818181818,59.09090909090909,1015.9272727272728,242.27272727272728,5.5,252.3636363636364,211.72727272727272,128.0
9,13,20.92142857142857,27.92142857142857,61.28571428571429,1021.4428571428572,108.35714285714286,2.321428571428572,207.85714285714286,245.78571428571428,141.21428571428572
2,22,9.025,10.883333333333333,71.5,1019.825,77.75,2.216666666666667,554.25,266.75,55.41666666666666
2,10,10.11,11.99,58.2,999.14,249.7,9.7,123.6,157.9,114.9
4,21,15.092857142857143,12.392857142857142,47.28571428571429,1005.75,36.785714285714285,3.542857142857143,190.5,316.35714285714283,211.42857142857144
10,31,14.890909090909092,18.87272727272727,66.54545454545455,1007.0545454545456,191.8181818181818,5.00909090909091,316.45454545454544,192.45454545454547,79.54545454545455
3,20,7.041666666666668,8.883333333333333,53.83333333333334,1017.8666666666667,14.166666666666664,3.633333333333333,447.83333333333326,352.33333333333326,135.0
8,9,33.00625,32.80625,30.75,1003.33125,133.875,2.01875,412.9375,407.625,119.6875
12,9,3.6777777777777785,11.81111111111111,83.55555555555556,999.3,206.66666666666663,2.4111111111111105,20.222222222222218,63.77777777777778,61.22222222222222
5,11,10.7,14.95,45.75,999.3125,28.9375,7.85625,209.25,307.8125,182.375
10,31,9.709090909090909,26.79090909090909,88.54545454545455,1006.3363636363637,85.45454545454545,2.6181818181818186,2.4545454545454546,110.72727272727272,110.45454545454544
5,5,11.5,22.87857142857143,72.42857142857143,1005.65,69.0,4.064285714285714,7.857142857142858,166.57142857142858,160.92857142857142
3,26,7.314285714285715,8.75,64.0,1017.9857142857144,38.07142857142857,3.2642857142857147,552.8571428571429,365.71428571428567,69.14285714285714
7,8,21.125,33.5625,56.0,1007.39375,279.875,3.23125,448.25,438.4375,172.875
5,20,14.7,19.5375,68.8125,996.675,333.875,4.0125,59.75,271.375,237.75
1,13,8.95,19.2125,90.125,1001.45,281.375,7.6625,20.875,82.25,76.625
11,15,15.02222222222222,23.700000000000006,67.55555555555556,993.7,208.55555555555557,9.122222222222222,3.6666666666666665,59.444444444444436,59.0
10,12,17.71818181818182,28.38181818181818,71.9090909090909,1000.8272727272728,201.27272727272728,3.963636363636364,167.9090909090909,202.72727272727272,142.63636363636363
1,3,10.2,15.91111111111111,80.8888888888889,1012.188888888889,238.33333333333331,5.199999999999998,92.77777777777777,110.44444444444444,88.1111111111111
1,17,5.46,9.79,79.8,1012.93,313.5,3.51,152.1,112.4,69.3
10,16,14.28181818181818,29.145454545454548,73.9090909090909,998.3181818181821,205.63636363636363,7.163636363636362,14.454545454545455,155.0909090909091,147.63636363636363
4,15,7.7142857142857135,7.557142857142857,46.28571428571429,1017.4857142857144,39.57142857142857,4.078571428571428,254.28571428571428,339.64285714285717,223.14285714285717
6,6,16.725,15.35,52.5,1002.31875,189.5,3.10625,337.1875,432.3125,200.25
4,6,5.235714285714286,5.692857142857143,37.357142857142854,1007.65,309.64285714285717,4.678571428571429,230.28571428571428,278.85714285714283,174.0714285714286
1,2,4.266666666666667,6.800000000000002,73.66666666666667,1024.2333333333333,12.222222222222221,4.6,10.444444444444443,67.0,66.22222222222223
8,8,17.96875,19.60625,54.5625,1001.9125,238.25,5.05,168.6875,322.4375,206.125
8,30,23.685714285714287,17.978571428571428,32.57142857142857,1011.4714285714286,51.5,1.15,646.9285714285714,439.28571428571433,78.28571428571429
1,11,5.99,9.62,74.8,1020.81,200.8,3.16,224.6,131.9,75.9
10,27,9.172727272727274,30.17272727272727,77.72727272727273,1010.8545454545456,29.363636363636363,4.0,8.0,85.0909090909091,83.72727272727273
9,8,20.307142857142857,35.62857142857142,53.5,1016.0142857142856,276.5,1.957142857142857,305.85714285714283,313.7142857142857,143.85714285714286
1,16,9.69,10.57,74.7,1010.77,164.0,4.5299999999999985,440.1,163.9,47.3
4,23,21.1,11.946666666666665,38.93333333333333,1006.46,126.13333333333334,1.14,648.0,460.53333333333336,80.86666666666666
10,28,10.0,16.963636363636365,56.27272727272727,1010.0363636363637,60.36363636363637,3.9818181818181815,269.09090909090907,214.63636363636363,103.27272727272728
7,17,21.00625,28.41875,62.5,1013.75625,26.25,3.7625,184.5625,333.0625,231.0
1,16,4.055555555555555,11.433333333333335,77.44444444444444,995.9888888888887,217.22222222222226,4.922222222222222,395.66666666666674,170.44444444444446,59.555555555555564
4,22,12.613333333333333,10.226666666666668,47.4,1011.8066666666667,52.86666666666667,4.6466666666666665,580.4666666666667,444.9333333333333,101.4
2,15,10.86,16.31,74.4,1007.45,196.5,5.79,247.7,200.4,102.8
8,16,20.540000000000006,25.69333333333333,57.26666666666666,1005.22,213.6,3.506666666666667,177.53333333333333,320.46666666666664,207.33333333333331
9,17,20.069230769230767,22.54615384615385,56.69230769230769,1010.8923076923076,24.538461538461537,3.1384615384615384,245.61538461538458,257.0769230769231,145.15384615384616
10,9,16.141666666666666,11.3,51.41666666666666,1014.875,49.0,3.3083333333333336,544.75,309.75,77.75
10,6,14.576923076923075,14.1,59.30769230769231,1010.6076923076924,281.0769230769231,5.484615384615385,313.23076923076917,246.53846153846158,136.84615384615384
6,19,21.73125,35.3375,74.625,1001.29375,140.625,1.51875,48.3125,226.5,185.3125
3,8,5.283333333333333,6.241666666666667,51.58333333333334,1011.15,28.58333333333333,2.6666666666666665,533.9166666666666,329.4166666666667,91.33333333333331
4,21,16.393333333333334,20.893333333333327,48.6,999.64,63.33333333333334,4.613333333333333,250.86666666666667,363.53333333333336,198.06666666666663
8,7,18.8875,24.26875,61.8125,992.525,224.5625,5.55625,104.125,249.125,187.9375
9,2,21.335714285714285,16.678571428571427,48.42857142857143,1011.2071428571428,60.0,4.535714285714286,617.5714285714286,427.3571428571428,84.28571428571429
4,24,13.86,19.64,77.2,983.2533333333333,187.26666666666668,6.6866666666666665,101.33333333333331,210.06666666666663,178.33333333333337
10,14,14.063636363636364,14.28181818181818,47.36363636363637,1015.0727272727272,169.72727272727272,1.2545454545454546,525.7272727272727,301.09090909090907,92.27272727272728
4,28,15.626666666666667,17.746666666666666,62.2,994.4666666666667,233.0,5.753333333333333,34.13333333333333,230.46666666666667,209.0
3,24,7.776923076923077,9.784615384615384,76.46153846153847,1012.9384615384616,113.07692307692308,3.1769230769230767,26.615384615384613,150.0769230769231,143.84615384615384
10,29,13.645454545454545,21.87272727272727,72.54545454545455,994.6090909090907,192.54545454545453,5.8909090909090915,0.6363636363636364,67.9090909090909,67.9090909090909
7,23,23.55,24.6,36.5625,1006.35625,175.5,1.45625,384.375,422.625,160.0625
12,8,11.277777777777779,18.277777777777782,79.8888888888889,997.8777777777775,244.88888888888889,5.9222222222222225,68.8888888888889,82.1111111111111,70.77777777777777
1,29,1.65,10.26,80.5,987.32,162.8,5.84,0.0,78.4,78.4
4,1,8.928571428571429,6.721428571428571,38.285714285714285,1009.3714285714287,42.714285714285715,2.6928571428571435,662.0714285714286,412.0,67.5
9,8,26.607142857142854,30.82857142857143,44.214285714285715,1000.4214285714287,151.78571428571428,2.8928571428571432,486.78571428571433,376.5,101.35714285714286
12,7,9.455555555555557,11.377777777777776,74.0,1007.0444444444445,242.77777777777774,2.7333333333333334,87.22222222222223,111.0,86.44444444444444
10,10,13.145454545454545,11.69090909090909,52.27272727272727,1013.9454545454544,294.8181818181818,3.609090909090909,352.0,262.8181818181818,139.45454545454547
5,25,12.36875,14.53125,63.75,1007.95625,251.375,5.63125,200.9375,336.375,219.0
5,15,13.2625,9.0375,48.875,1009.79375,24.8125,4.5125,680.8125,500.5625,77.4375
5,9,12.34375,16.54375,78.625,985.64375,258.625,7.0625,18.625,199.3125,189.875
4,12,20.4,16.985714285714288,39.57142857142857,1003.8142857142856,168.5,2.257142857142857,315.5,297.85714285714283,131.92857142857142
6,16,27.49411764705882,30.064705882352943,49.70588235294117,1000.8352941176472,163.11764705882354,2.4529411764705884,458.05882352941177,440.47058823529403,113.64705882352942
4,3,11.478571428571426,11.385714285714286,57.64285714285714,1007.35,279.85714285714283,2.107142857142857,1.4285714285714286,161.64285714285714,161.0
9,1,19.557142857142857,18.464285714285715,58.714285714285715,1014.7571428571428,41.142857142857146,4.714285714285714,331.92857142857144,356.21428571428567,161.42857142857142
6,9,22.90625,23.61875,51.875,1011.0375,217.9375,1.70625,426.25,467.25,173.375
9,27,18.569230769230767,20.06153846153846,56.46153846153846,1000.623076923077,233.53846153846158,5.907692307692307,144.0,241.3076923076923,176.84615384615384
3,24,7.9071428571428575,3.85,31.92857142857143,1014.8071428571428,91.07142857142857,3.8,682.5714285714286,386.07142857142856,54.42857142857143
2,7,3.0,9.82,76.9,986.66,304.9,3.74,0.0,41.0,41.0
11,22,9.066666666666666,18.200000000000006,67.1111111111111,1017.6777777777777,218.44444444444446,1.6555555555555557,169.11111111111111,134.77777777777777,79.55555555555556
7,18,23.9,20.14375,56.0625,1011.675,39.0625,4.775,646.625,496.75,81.25
3,11,5.9750000000000005,7.433333333333334,66.08333333333333,1012.1333333333333,303.5833333333333,8.266666666666667,307.5,275.5833333333333,136.16666666666666
4,27,10.62,11.013333333333332,65.46666666666667,1002.2266666666667,268.53333333333336,8.42,273.73333333333335,346.26666666666665,167.46666666666667
2,25,9.316666666666666,10.475,58.66666666666666,995.2166666666667,261.0833333333333,6.241666666666667,166.91666666666666,178.58333333333337,122.16666666666669
2,10,-2.21,4.86,47.5,999.32,30.1,4.76,418.5,235.7,92.0
5,23,16.55625,14.95,45.25,1016.65625,277.125,4.85625,171.8125,331.625,226.3125
2,20,14.30909090909091,14.172727272727276,55.54545454545455,999.018181818182,175.27272727272728,5.381818181818181,396.27272727272725,252.63636363636363,99.36363636363636
2,17,9.66,12.81,78.1,1007.97,206.0,4.69,145.3,183.0,140.4
9,4,24.37857142857143,31.964285714285715,50.28571428571429,1004.3785714285713,90.35714285714286,1.0,119.57142857142857,278.42857142857144,214.57142857142856
1,21,-0.71,3.93,76.7,1007.38,232.4,1.7100000000000002,570.4,192.7,39.1
1,9,1.92,6.35,75.2,1011.82,47.0,3.7,488.0,158.2,35.4
1,16,0.4875,16.8125,86.25,1013.325,194.75,4.35,0.0,48.125,48.125
9,21,22.03076923076923,23.038461538461537,45.615384615384606,1001.9692307692308,140.0,2.6923076923076925,562.5384615384615,363.07692307692315,82.61538461538461
7,2,21.205882352941178,14.658823529411766,50.17647058823529,1011.1352941176469,40.882352941176464,3.547058823529412,629.0588235294118,493.47058823529403,84.52941176470588
10,22,17.518181818181816,23.30909090909091,66.45454545454545,1001.1454545454544,213.1818181818182,3.9181818181818175,87.45454545454545,157.63636363636363,131.63636363636363
7,30,26.3,19.06875,32.625,1006.86875,93.0625,2.43125,661.6875,477.6875,69.5
6,14,19.3375,24.275,60.875,1001.96875,240.125,2.2125,278.75,394.5625,212.25
10,14,11.71818181818182,14.618181818181819,60.27272727272727,1004.1818181818179,45.54545454545455,4.6000000000000005,270.54545454545456,251.0909090909091,126.63636363636364
6,30,16.625,27.475,73.0,1005.41875,317.75,3.0875,0.0,171.875,171.875
2,22,9.75,17.958333333333332,69.08333333333333,1016.1,231.75,5.7,166.75,177.08333333333337,110.66666666666669
3,22,8.461538461538463,10.961538461538463,56.230769230769226,1010.1384615384616,76.92307692307692,5.738461538461538,97.15384615384615,232.84615384615384,198.84615384615384
11,19,10.9,10.677777777777775,59.555555555555564,1016.9,279.8888888888889,6.155555555555555,228.0,151.66666666666666,92.55555555555556
4,13,7.7142857142857135,5.0285714285714285,38.92857142857143,1020.9571428571428,51.214285714285715,3.2857142857142856,656.1428571428571,457.8571428571428,87.2142857142857
6,13,16.51875,20.24375,61.375,1000.88125,209.0625,5.35,102.9375,291.0625,246.375
4,6,11.635714285714286,20.292857142857144,68.57142857142857,1010.4,201.0,3.678571428571429,135.21428571428572,166.57142857142858,123.85714285714286
4,7,6.278571428571429,6.528571428571429,41.92857142857143,1013.4571428571428,288.14285714285717,3.914285714285714,547.1428571428571,411.6428571428572,93.85714285714286
12,20,6.1,8.044444444444443,69.22222222222223,1015.0,66.66666666666667,3.4777777777777783,0.5555555555555556,32.77777777777778,32.666666666666664
5,28,16.66875,18.5875,57.125,1010.7625,68.8125,2.99375,604.1875,496.625,102.875
1,24,3.61,11.96,49.0,1011.66,123.2,0.91,260.4,158.4,79.2
9,21,16.592307692307696,15.092307692307694,53.615384615384606,1017.2692307692308,43.615384615384606,3.507692307692308,302.53846153846155,289.61538461538464,150.84615384615384
4,30,12.84,14.08,59.06666666666667,991.48,225.66666666666663,6.6466666666666665,67.33333333333333,238.06666666666663,196.7333333333333
6,14,18.929411764705886,21.8,59.70588235294117,1005.2352941176473,209.70588235294116,3.5117647058823533,51.88235294117647,251.70588235294116,228.52941176470588
3,5,8.0,13.925,79.16666666666667,994.875,228.66666666666663,6.6083333333333325,28.16666666666667,139.66666666666666,131.08333333333334
1,15,2.02,6.32,69.5,1016.45,17.3,4.17,172.2,124.6,69.8
11,30,4.9444444444444455,13.933333333333335,51.111111111111114,1016.2777777777777,215.22222222222226,1.6,258.44444444444446,142.33333333333334,69.44444444444444
5,10,15.50625,15.45625,58.6875,995.70625,218.5,4.83125,179.9375,332.5,204.8125
12,3,2.955555555555556,16.022222222222222,83.0,1000.8444444444444,201.33333333333331,5.488888888888888,0.0,49.111111111111114,49.111111111111114
4,9,20.92142857142857,16.2,41.357142857142854,1011.9357142857144,108.42857142857143,1.7142857142857142,531.7857142857143,414.21428571428567,113.35714285714286
8,28,17.87142857142857,23.264285714285712,66.21428571428571,1010.6,205.7142857142857,3.9785714285714286,114.57142857142857,289.0,231.78571428571428
2,25,13.263636363636365,18.5,64.0909090909091,1016.1,222.1818181818182,2.645454545454545,161.1818181818182,223.0909090909091,149.54545454545453
10,19,14.654545454545454,21.518181818181816,69.36363636363636,994.0545454545456,218.0909090909091,3.345454545454545,133.1818181818182,154.27272727272728,112.8181818181818
11,28,8.955555555555557,14.733333333333333,56.33333333333334,1005.0444444444445,71.0,2.177777777777778,504.4444444444445,176.0,45.111111111111114
3,28,9.6,13.435714285714285,66.42857142857143,1018.9928571428572,39.857142857142854,3.25,344.5,326.07142857142856,158.42857142857142
6,20,20.70625,24.375,53.125,1009.99375,234.3125,1.94375,177.875,343.8125,261.6875
12,19,12.322222222222226,23.155555555555555,74.55555555555556,993.4888888888887,171.66666666666666,5.311111111111111,14.666666666666664,66.77777777777777,65.0
2,22,11.445454545454545,20.09090909090909,63.90909090909091,1007.1272727272728,166.63636363636363,2.109090909090909,0.0,67.81818181818181,67.81818181818181
5,22,12.34375,14.38125,68.0625,998.2875,241.75,6.31875,170.625,318.1875,214.375
11,18,12.755555555555556,15.9,60.33333333333334,1010.6555555555556,185.33333333333331,3.7666666666666666,591.8888888888888,209.88888888888889,42.888888888888886
3,17,7.741666666666667,12.5,68.08333333333333,1017.7416666666667,351.25,6.083333333333332,1.8333333333333333,149.33333333333334,148.91666666666666
1,11,4.825,15.15,94.875,1012.9125,313.25,2.65,4.375,53.875,53.125
3,28,11.8,11.723076923076926,52.92307692307693,1018.3538461538462,221.38461538461542,3.869230769230769,593.6923076923077,399.0,87.38461538461539
1,12,7.1000000000000005,14.255555555555556,83.1111111111111,1014.2222222222223,221.0,5.088888888888889,23.0,83.33333333333333,78.8888888888889
1,8,10.6875,28.7125,93.25,1015.325,217.25,3.15,0.0,58.0,58.0
12,17,7.288888888888887,11.322222222222226,78.8888888888889,1025.0555555555557,55.0,3.6444444444444435,69.1111111111111,56.111111111111114,46.444444444444436
11,7,11.163636363636362,15.445454545454545,72.54545454545455,1011.2545454545453,278.54545454545456,3.654545454545455,16.09090909090909,105.36363636363636,101.72727272727272
5,9,19.72,30.18,67.46666666666667,999.5866666666666,115.53333333333332,1.4400000000000002,40.86666666666667,244.66666666666663,213.86666666666667
6,25,27.94375,38.6625,59.6875,1006.09375,250.0,2.6875,427.8125,464.0625,165.0
11,9,8.127272727272727,8.772727272727273,64.36363636363636,998.5909090909092,217.9090909090909,3.2090909090909085,324.8181818181818,183.72727272727272,81.54545454545455
5,16,15.3875,10.925,47.1875,1012.2125,184.8125,3.1125,571.3125,464.875,130.6875
3,27,8.121428571428572,12.264285714285714,65.42857142857143,1018.3642857142858,32.0,2.9928571428571433,291.85714285714283,311.5,167.5
6,21,19.488235294117647,16.61764705882353,47.647058823529406,1008.9764705882353,187.35294117647058,2.4411764705882355,356.11764705882354,417.47058823529403,177.3529411764706
12,10,5.788888888888889,10.066666666666666,69.0,1013.8666666666666,194.0,4.933333333333334,323.22222222222223,138.66666666666666,61.88888888888889
6,23,24.164705882352944,28.417647058823533,56.529411764705884,1004.2235294117647,114.58823529411764,3.7588235294117647,272.6470588235294,383.7647058823529,199.88235294117646
11,21,7.611111111111112,16.0,84.8888888888889,1003.077777777778,200.77777777777774,1.8222222222222217,0.0,61.0,61.0
1,1,6.9,9.833333333333334,89.8888888888889,1019.0222222222225,307.8888888888889,3.5222222222222217,0.0,35.888888888888886,35.888888888888886
6,29,29.89375,19.925,40.625,1004.53125,118.4375,3.025,582.6875,507.625,106.5
2,18,9.463636363636363,9.01818181818182,64.72727272727273,1002.8181818181821,193.54545454545453,3.5818181818181816,551.7272727272727,269.09090909090907,67.45454545454545
11,28,11.288888888888891,16.299999999999994,68.44444444444444,988.5888888888887,245.22222222222226,6.255555555555556,82.66666666666667,106.88888888888887,92.77777777777777
1,3,2.7375,8.875,82.0,1002.9625,38.25,2.525,30.125,78.5,74.25
5,3,12.633333333333333,11.553333333333335,48.46666666666667,1008.4133333333334,221.46666666666667,4.133333333333334,262.06666666666666,356.6,216.2
8,5,25.34375,20.2,28.875,1004.98125,201.75,2.4875,630.5,459.5625,72.75
9,25,20.876923076923074,25.753846153846155,49.92307692307693,1003.8615384615384,148.30769230769232,1.830769230769231,299.92307692307685,274.0769230769231,124.23076923076924
3,13,9.308333333333334,9.808333333333334,56.75,1011.275,252.41666666666663,3.4333333333333336,347.83333333333326,308.1666666666667,154.58333333333334
8,20,27.935714285714287,33.22857142857143,44.714285714285715,994.9285714285713,181.0,3.5785714285714287,181.64285714285717,327.85714285714283,199.7142857142857
1,7,8.344444444444441,14.066666666666665,84.66666666666667,1017.6666666666665,205.22222222222226,2.7111111111111112,20.222222222222218,78.77777777777777,76.1111111111111
7,20,24.04375,30.26875,55.3125,1001.925,241.625,4.7375,158.4375,305.3125,214.25
7,13,22.4125,24.23125,53.0,1008.8125,55.0,3.68125,259.0,391.3125,236.875
2,27,7.5,12.245454545454544,74.0909090909091,987.1818181818179,268.0,8.681818181818182,19.545454545454547,103.27272727272728,100.1818181818182
11,6,11.13,15.64,71.5,994.77,285.7,2.46,162.0,169.5,110.1
12,22,13.8625,26.075,85.75,1006.075,226.25,5.475,4.875,58.125,57.5
10,8,16.25,16.083333333333332,55.75,1016.6166666666667,48.0,3.4,584.3333333333334,312.8333333333333,70.08333333333333
11,14,13.933333333333335,17.344444444444445,71.66666666666667,1004.2,187.77777777777774,4.566666666666666,336.0,184.33333333333331,72.1111111111111
12,12,9.211111111111112,16.633333333333333,82.0,989.1111111111113,284.8888888888889,3.7888888888888888,0.0,61.33333333333334,61.33333333333334
10,2,16.416666666666668,27.21666666666667,68.66666666666667,995.1916666666666,188.83333333333331,6.491666666666667,50.66666666666666,142.41666666666666,117.25
8,2,21.15625,21.3,47.3125,1006.78125,307.375,3.59375,468.4375,433.125,134.375
5,17,11.9875,16.9875,81.625,998.60625,259.875,5.475,152.5625,296.0,205.125
10,5,14.816666666666668,18.808333333333334,67.5,996.425,241.16666666666663,6.441666666666666,159.25,181.08333333333331,122.41666666666669
12,31,7.855555555555557,13.611111111111109,95.11111111111113,1020.9555555555555,329.77777777777777,1.8444444444444448,0.0,34.44444444444444,34.44444444444444
5,27,21.725,22.575,45.25,1021.53125,41.75,3.39375,603.125,495.625,102.25
8,31,17.12142857142857,14.821428571428573,50.78571428571429,1009.4785714285716,337.7142857142857,2.8928571428571432,258.0,314.92857142857144,200.92857142857144
11,13,8.266666666666667,12.677777777777774,71.8888888888889,993.1444444444444,242.66666666666663,3.566666666666667,171.44444444444446,173.66666666666663,118.88888888888887
2,9,-1.44,5.99,60.4,992.32,69.8,2.78,0.0,55.9,55.9
9,28,17.192307692307693,20.5,59.230769230769226,1005.1153846153846,236.23076923076923,5.676923076923076,115.23076923076924,227.6923076923077,184.7692307692308
9,11,20.178571428571427,19.957142857142856,54.0,1008.1714285714287,262.7142857142857,2.4357142857142864,280.35714285714283,282.0,160.14285714285714
10,30,9.009090909090908,23.681818181818183,72.63636363636364,1010.9181818181821,74.0,2.890909090909091,12.0,112.8181818181818,111.1818181818182
4,9,12.664285714285715,14.685714285714285,53.28571428571429,1003.0285714285714,217.28571428571428,3.0500000000000003,118.14285714285714,246.14285714285717,175.71428571428572
12,16,9.125,20.875,91.0,992.5625,135.75,1.575,37.625,90.25,84.625
7,28,20.89375,26.16875,54.75,997.175,290.1875,4.1875,103.0625,293.9375,245.125
7,5,20.55625,27.70625,72.25,1006.36875,249.8125,5.30625,32.9375,225.5,213.0625
4,13,14.885714285714286,16.685714285714287,56.35714285714285,1006.4857142857144,35.07142857142857,6.371428571428572,397.6428571428572,383.07142857142856,157.85714285714286
6,18,24.75625,25.4875,50.75,1001.3625,114.5,3.0125,330.5,415.6875,195.125
5,2,10.226666666666668,10.773333333333332,55.93333333333333,1009.46,318.6666666666667,2.306666666666666,213.2,311.73333333333335,218.46666666666667
3,23,7.8076923076923075,9.184615384615388,72.84615384615384,1015.0615384615384,167.0,2.269230769230769,49.384615384615394,217.84615384615384,185.84615384615384
1,15,5.99,8.15,73.7,1007.82,248.6,3.43,1.4,57.4,57.3
11,8,14.929999999999998,25.01,79.2,1009.08,175.5,2.62,3.4,102.8,101.4
7,13,16.3125,33.25,93.0625,1000.89375,315.875,2.6625,0.0,89.125,89.125
10,24,14.97272727272727,26.072727272727274,76.81818181818181,1001.9909090909093,205.54545454545453,6.6909090909090905,9.363636363636363,130.8181818181818,127.0
5,11,12.30625,15.11875,73.875,1002.58125,327.4375,6.06875,111.9375,268.25,186.3125
6,27,27.5125,27.825,61.875,1011.69375,51.3125,4.875,520.1875,488.3125,133.875
1,7,5.7875,14.8625,90.75,1020.0,282.0,2.0875,0.0,74.75,74.75
11,5,9.072727272727274,7.0,59.27272727272727,1025.1272727272726,49.36363636363637,3.8181818181818175,558.9090909090909,222.9090909090909,42.81818181818182
1,1,1.9,8.233333333333333,80.1111111111111,999.7888888888887,21.11111111111111,1.1666666666666667,124.22222222222223,97.44444444444444,75.0
11,21,8.022222222222222,15.722222222222221,62.88888888888889,1021.4555555555555,213.44444444444446,2.955555555555556,490.22222222222223,190.33333333333331,56.0
9,24,15.323076923076924,20.3,64.84615384615384,991.9615384615383,210.6923076923077,5.984615384615385,79.07692307692308,176.9230769230769,149.9230769230769
5,5,8.106666666666666,8.806666666666667,62.53333333333333,1007.8933333333333,215.0,6.2733333333333325,175.0,316.2,230.33333333333331
3,6,5.933333333333334,3.7,42.5,1017.9916666666667,62.83333333333334,4.491666666666666,699.5,346.41666666666674,53.58333333333334
8,31,20.22142857142857,19.65714285714285,56.07142857142857,1013.3071428571428,36.285714285714285,4.3,163.28571428571428,302.5,215.42857142857144
9,18,21.076923076923077,25.0,50.153846153846146,1002.8384615384616,110.15384615384615,2.0538461538461537,235.84615384615384,292.15384615384613,159.76923076923075
3,17,11.95,16.316666666666666,69.91666666666667,1019.7166666666667,159.08333333333334,0.65,63.75,216.58333333333331,195.83333333333331
12,8,5.811111111111112,9.31111111111111,73.0,988.1,226.44444444444446,4.088888888888889,320.22222222222223,139.0,59.0
11,14,6.56,9.05,70.0,987.6,166.6,3.01,62.3,132.5,117.0
4,25,12.486666666666668,7.1800000000000015,44.13333333333333,1010.8533333333332,49.73333333333333,5.739999999999998,589.6,458.2,87.6
12,4,6.0555555555555545,7.688888888888888,60.111111111111114,973.8222222222223,216.0,4.911111111111111,234.77777777777774,130.44444444444446,63.77777777777778
12,14,7.2666666666666675,15.788888888888886,77.77777777777777,1018.4,229.44444444444446,0.5444444444444445,8.444444444444445,49.555555555555564,48.66666666666666
11,26,11.522222222222224,18.6,81.1111111111111,992.0222222222225,197.44444444444446,5.433333333333334,11.666666666666664,85.0,83.33333333333333
8,17,18.285714285714285,43.921428571428564,88.42857142857143,998.8785714285713,213.07142857142856,4.857142857142857,0.0,106.0,106.0
6,24,26.217647058823534,20.24117647058824,45.70588235294117,1007.2647058823527,94.35294117647058,3.888235294117647,631.5294117647059,491.2352941176471,80.11764705882355
1,23,4.08,10.99,85.3,981.79,235.8,4.13,5.6,72.4,71.5
7,30,22.2125,23.4875,49.0625,1001.93125,219.875,6.45,201.6875,319.1875,216.6875
7,8,19.31875,23.0625,58.625,1010.31875,270.6875,2.90625,253.25,358.9375,203.375
9,5,18.357142857142858,20.37142857142857,55.85714285714285,1010.6,315.57142857142856,3.271428571428572,42.42857142857143,224.28571428571428,201.2142857142857
9,5,25.035714285714285,31.57142857142857,53.35714285714285,1007.6142857142858,85.92857142857143,1.6642857142857144,253.2142857142857,322.85714285714283,165.07142857142858
5,4,12.126666666666667,16.666666666666668,65.8,996.24,251.2,7.153333333333332,32.333333333333336,201.4,190.4
10,29,13.963636363636365,25.34545454545455,70.54545454545455,1009.4545454545456,238.45454545454547,4.718181818181818,2.090909090909091,85.81818181818181,85.54545454545455
9,9,16.415384615384614,18.676923076923078,48.07692307692307,1004.4307692307692,194.23076923076923,2.3615384615384616,52.69230769230769,246.7692307692308,212.3076923076923
10,11,12.80909090909091,13.490909090909092,60.27272727272727,1012.2272727272727,337.54545454545456,3.663636363636364,347.54545454545456,223.8181818181818,99.54545454545456
7,8,20.2125,20.55,43.4375,1008.21875,50.3125,4.51875,574.4375,494.625,91.4375
10,21,13.445454545454545,16.263636363636365,70.63636363636364,1006.4454545454544,247.0909090909091,4.063636363636364,23.72727272727273,159.45454545454547,152.1818181818182
1,19,5.65,7.51,64.6,1028.71,12.6,4.5,174.9,132.1,89.6
7,16,18.55625,29.8875,66.75,1009.34375,300.875,2.7,0.4375,174.1875,173.9375
10,23,13.0,11.772727272727273,53.45454545454545,1016.0,166.72727272727272,1.481818181818182,93.54545454545456,155.36363636363637,117.0909090909091
6,12,14.925,18.75,68.5625,998.10625,186.1875,4.05,108.1875,306.875,232.6875
2,1,5.07,12.7,91.9,971.96,166.9,3.44,4.9,89.3,88.7
10,2,14.453846153846154,12.646153846153847,57.615384615384606,1004.3461538461537,264.38461538461536,4.653846153846153,233.53846153846158,230.0769230769231,154.23076923076925
4,30,11.257142857142856,11.55,45.85714285714285,1002.0857142857144,80.0,2.0285714285714285,108.5,265.5,211.42857142857144
6,11,16.25,17.7875,51.75,1001.175,159.3125,2.06875,144.6875,314.8125,230.25
4,14,8.671428571428573,7.135714285714287,38.0,1018.5785714285713,32.5,3.664285714285714,264.07142857142856,324.0,200.85714285714286
9,11,19.728571428571428,27.62142857142857,48.714285714285715,1013.9142857142856,262.85714285714283,3.0,381.57142857142856,332.85714285714283,114.35714285714286
12,31,4.888888888888889,6.533333333333332,52.33333333333334,1020.811111111111,145.88888888888889,1.3111111111111111,485.88888888888886,158.11111111111111,40.444444444444436
4,12,8.128571428571428,7.185714285714285,53.57142857142857,1007.342857142857,25.57142857142857,4.192857142857142,382.6428571428572,382.1428571428572,168.42857142857142
5,26,16.5875,23.2625,68.9375,1002.35625,265.625,4.2625,263.4375,357.8125,192.1875
12,24,7.4875,12.6625,72.25,1005.0625,344.375,6.2,8.75,55.875,54.75
8,11,32.4,33.833333333333336,34.333333333333336,1002.6866666666666,158.06666666666666,1.18,241.6,269.73333333333335,119.06666666666666
1,4,6.7666666666666675,10.655555555555557,73.0,1024.5888888888887,287.77777777777777,3.1222222222222222,253.66666666666663,135.55555555555554,68.66666666666667
7,3,18.447058823529414,20.458823529411767,57.88235294117647,1009.3647058823531,260.0588235294117,3.294117647058824,198.35294117647058,329.76470588235287,237.35294117647058
12,15,6.533333333333332,12.155555555555555,82.44444444444444,1021.9444444444445,79.66666666666667,0.8888888888888888,0.0,55.22222222222222,55.22222222222222
7,2,22.08125,27.375,60.0,1006.09375,227.5625,1.44375,184.3125,357.0,239.6875
7,4,18.4875,27.74375,77.25,999.99375,242.875,3.58125,116.125,302.875,208.9375
12,6,5.0555555555555545,22.25555555555556,82.22222222222223,1004.9666666666667,217.0,6.0,1.5555555555555556,60.33333333333334,60.111111111111114
5,19,14.10625,22.10625,88.5,992.24375,296.25,2.9625,0.125,163.75,163.625
11,29,4.322222222222221,8.266666666666667,69.77777777777777,1003.6,307.6666666666667,2.9444444444444446,477.11111111111114,175.66666666666663,51.444444444444436
10,1,15.758333333333333,18.65,60.0,990.4916666666667,247.75,4.9,122.58333333333331,203.25,151.0
9,28,16.96923076923077,15.769230769230768,49.153846153846146,1010.123076923077,182.7692307692308,2.276923076923077,273.15384615384613,279.76923076923083,155.69230769230768
11,4,9.39090909090909,14.009090909090908,74.9090909090909,1000.2,309.0,3.881818181818181,64.45454545454545,126.45454545454544,107.63636363636364
3,16,10.233333333333333,10.425,66.41666666666667,998.3416666666667,231.0,8.966666666666667,280.0,240.16666666666663,123.75
3,12,10.791666666666664,11.883333333333333,56.33333333333334,1005.8916666666668,266.8333333333333,5.258333333333334,199.16666666666663,234.0,152.91666666666666
10,23,14.245454545454544,28.645454545454548,76.81818181818181,1000.7909090909093,102.9090909090909,2.6727272727272724,21.727272727272727,104.54545454545456,99.0
7,12,18.4625,31.35,85.0625,998.4,202.5625,2.775,40.3125,209.6875,181.1875
12,18,8.788888888888888,12.788888888888886,80.55555555555556,1003.1222222222225,150.22222222222226,3.2444444444444445,340.3333333333333,137.77777777777777,54.33333333333334
6,8,16.741176470588233,19.323529411764707,54.17647058823529,1004.3411764705883,95.23529411764706,3.7,88.0,282.76470588235287,236.88235294117646
9,8,16.07857142857143,13.664285714285715,49.57142857142857,1010.2785714285714,347.92857142857144,3.314285714285714,214.07142857142856,281.42857142857144,182.28571428571428
6,21,18.84375,28.05625,68.8125,1010.25,241.375,4.06875,51.1875,268.625,239.9375
6,26,18.6625,29.05625,75.8125,1006.0,144.875,1.65625,0.0,213.6875,213.6875
2,28,6.033333333333334,16.683333333333334,75.25,1003.8333333333335,186.41666666666663,5.808333333333334,0.0,85.58333333333333,85.58333333333333
1,22,6.62,9.58,71.6,984.32,287.8,2.12,262.1,145.3,70.1
12,14,10.233333333333333,20.233333333333334,80.0,995.9444444444445,189.22222222222226,3.6444444444444435,26.66666666666667,81.77777777777777,73.77777777777777
1,20,9.16,15.18,55.9,988.25,198.8,6.4,151.7,125.4,75.6
12,5,4.522222222222221,9.533333333333333,76.0,982.7333333333332,163.55555555555554,4.566666666666666,2.555555555555556,54.111111111111114,53.88888888888889
8,30,19.12142857142857,26.32857142857143,67.5,1009.6642857142856,22.714285714285715,4.092857142857143,27.57142857142857,207.85714285714286,199.14285714285717
4,1,20.664285714285715,18.40714285714285,45.78571428571429,1008.6,49.28571428571429,2.8571428571428568,145.64285714285714,276.85714285714283,187.5
2,11,5.82,8.59,82.4,1008.67,311.3,5.16,42.5,122.5,114.7
7,3,21.11176470588235,15.994117647058824,51.88235294117647,1011.0647058823528,41.23529411764706,4.841176470588235,610.9411764705882,489.1764705882353,86.23529411764706
1,17,4.85,8.18,83.7,995.58,286.5,6.6,75.3,104.8,82.8
5,27,16.23125,19.38125,68.4375,997.54375,294.25,4.075,163.375,350.375,236.0
6,20,18.68125,20.75,58.5625,1004.13125,293.0,3.54375,112.3125,311.0,256.6875
2,18,9.681818181818182,18.79090909090909,78.54545454545455,997.2454545454547,211.0909090909091,5.1000000000000005,0.0,67.63636363636364,67.63636363636364
10,6,15.916666666666664,18.491666666666667,64.08333333333333,1001.9583333333335,263.0833333333333,5.666666666666668,224.41666666666663,246.25,149.08333333333334
11,20,4.688888888888889,5.933333333333334,66.8888888888889,1001.8222222222223,103.55555555555556,3.588888888888889,560.5555555555555,211.55555555555557,50.111111111111114
11,17,12.233333333333333,16.355555555555554,76.33333333333333,1015.8333333333335,218.0,3.1666666666666665,0.6666666666666666,87.66666666666669,87.44444444444444
9,23,18.376923076923077,20.084615384615386,55.69230769230769,1004.9230769230768,219.9230769230769,3.615384615384616,337.92307692307685,309.0,141.69230769230768
2,3,3.51,6.2,73.6,1008.58,346.6,5.26,527.3,226.8,61.3
9,10,22.464285714285715,24.685714285714287,59.42857142857143,1009.4642857142856,115.28571428571428,1.5857142857142856,154.64285714285714,283.2857142857143,197.64285714285717
3,21,8.841666666666667,14.8,70.83333333333333,1009.1416666666668,57.75,5.025,0.0,96.75,96.75
10,1,19.983333333333334,26.40833333333333,61.41666666666666,992.5833333333335,232.58333333333331,6.4833333333333325,68.75,195.5,164.33333333333334
3,4,7.916666666666668,11.675,78.25,986.4833333333332,249.16666666666663,10.408333333333333,75.25,140.33333333333334,115.33333333333331
10,17,14.490909090909092,20.227272727272727,76.27272727272727,999.5545454545456,199.8181818181818,2.8363636363636364,123.0,165.45454545454547,128.63636363636363
4,16,7.942857142857143,10.19285714285714,47.714285714285715,1015.5357142857144,32.785714285714285,4.45,196.92857142857144,248.78571428571428,153.35714285714286
12,9,5.255555555555556,8.944444444444445,71.22222222222223,996.2777777777777,228.0,4.199999999999998,421.77777777777777,153.77777777777774,47.33333333333334
6,17,22.635294117647057,21.029411764705888,51.235294117647065,1007.5529411764708,156.0,1.6058823529411763,391.29411764705884,427.7647058823529,168.05882352941177
2,2,3.4799999999999995,10.16,88.1,986.26,333.5,7.040000000000001,0.0,87.2,87.2
8,10,22.275,19.65625,47.5,1003.60625,234.0625,6.875,208.5,341.8125,218.25
8,16,24.07333333333333,29.526666666666664,53.0,999.5666666666667,184.46666666666667,2.6933333333333334,199.7333333333333,284.93333333333334,165.26666666666668
9,14,26.93846153846154,18.223076923076924,33.07692307692308,1010.0769230769232,133.84615384615384,1.807692307692308,597.5384615384615,396.1538461538461,85.92307692307692
3,2,12.091666666666667,12.116666666666667,55.41666666666666,1017.025,163.5,1.5833333333333333,283.6666666666667,246.0,124.0
2,24,12.181818181818182,13.681818181818182,71.27272727272727,1006.9,231.63636363636363,7.1090909090909085,0.18181818181818185,122.0909090909091,122.0
7,25,22.56875,32.16875,57.25,1001.6125,226.6875,4.3,113.4375,309.9375,226.5625
4,3,6.764285714285713,8.22857142857143,70.35714285714286,985.5,224.0,4.692857142857143,132.35714285714286,267.7857142857143,205.57142857142856
11,27,9.011111111111113,17.177777777777774,72.33333333333333,1005.8666666666666,85.66666666666667,1.6333333333333333,168.88888888888889,122.88888888888887,82.44444444444444
12,25,5.022222222222221,8.61111111111111,72.77777777777777,1016.2333333333332,348.66666666666674,4.588888888888889,0.0,57.444444444444436,57.444444444444436
5,20,13.43125,15.60625,62.25,1008.74375,206.8125,4.6125,106.0,285.9375,244.125
2,15,4.71,19.58,86.6,1014.49,203.3,4.39,2.5,116.8,116.5
5,17,14.69375,15.9625,58.375,990.625,114.375,1.60625,29.625,246.6875,229.625
8,26,29.092857142857145,21.685714285714287,30.642857142857146,1006.0428571428572,76.0,1.9285714285714288,630.1428571428571,448.5,87.85714285714286
11,27,11.477777777777776,17.744444444444444,73.33333333333333,980.6111111111113,223.44444444444446,7.0,18.88888888888889,83.0,81.0
1,21,3.22,6.19,62.7,1029.09,58.2,2.01,534.8,186.2,42.8
5,30,20.9375,15.26875,42.875,1009.0,80.25,4.075,679.75,516.25,83.1875
1,9,11.0625,24.15,81.625,1003.475,205.0,6.3625,0.0,69.125,69.125
11,15,4.300000000000002,13.033333333333333,90.22222222222223,987.4,112.11111111111113,2.1555555555555554,0.0,71.1111111111111,71.1111111111111
6,10,22.25,30.025,63.5625,1010.3625,225.875,1.60625,429.3125,459.625,152.6875
11,5,9.763636363636364,10.154545454545453,62.18181818181818,1014.9636363636363,342.3636363636364,2.5636363636363635,62.72727272727273,144.0,119.0
9,23,19.53076923076923,16.753846153846155,47.07692307692307,1010.6846153846153,316.92307692307685,1.7923076923076924,580.6153846153846,360.8461538461538,80.92307692307692
6,22,15.10625,26.80625,86.4375,1002.89375,28.3125,3.7125,0.0,125.6875,125.6875
7,7,23.08125,26.26875,50.3125,1003.63125,45.875,3.05625,314.1875,428.875,209.0
1,29,10.55,14.419999999999998,67.8,993.13,264.0,8.1,101.4,115.1,87.9
2,24,15.008333333333333,13.925,66.66666666666667,1017.425,180.16666666666663,3.6666666666666665,423.66666666666674,253.58333333333331,81.83333333333333
1,30,8.89,24.35,91.9,998.68,201.9,5.07,0.0,85.9,85.9
11,23,9.577777777777778,17.022222222222222,86.1111111111111,1017.811111111111,222.33333333333331,1.2777777777777777,71.66666666666667,112.0,98.0
9,16,23.038461538461537,18.453846153846158,35.384615384615394,1010.2,329.92307692307685,2.0,509.8461538461538,377.6153846153846,108.15384615384615
3,28,12.428571428571427,16.05,59.214285714285715,1008.9714285714286,66.35714285714286,3.7857142857142856,341.0,329.42857142857144,141.64285714285714
9,25,16.83076923076923,26.338461538461537,70.07692307692308,997.046153846154,231.0769230769231,5.130769230769231,6.846153846153847,144.76923076923075,142.23076923076925
5,23,13.38125,13.8875,60.625,1004.03125,216.3125,4.96875,236.375,362.9375,229.5
10,7,14.916666666666664,19.216666666666665,62.08333333333334,1006.6416666666668,267.75,4.483333333333333,174.33333333333337,238.66666666666663,161.75
6,4,16.8625,32.9125,90.3125,1010.0,316.5625,2.50625,24.4375,234.1875,219.375
2,19,7.74,13.16,66.9,1014.72,261.1,3.99,137.4,183.3,141.9
5,11,13.375,16.66875,63.9375,999.125,235.75,3.4,71.0,211.625,186.6875
3,6,10.616666666666667,21.466666666666672,77.58333333333333,982.7166666666667,186.91666666666663,7.15,0.0,54.33333333333334,54.33333333333334
4,3,8.835714285714285,8.071428571428571,52.57142857142857,1015.4714285714286,38.0,5.607142857142856,303.7142857142857,285.5,127.92857142857143
12,8,3.85,8.4625,73.875,992.625,327.875,2.35,400.125,160.625,56.375
4,20,19.835714285714285,14.542857142857144,45.14285714285714,1010.5285714285714,50.07142857142857,3.2214285714285715,653.9285714285714,469.21428571428567,91.57142857142857
6,10,16.83125,18.90625,57.1875,1002.61875,249.0,3.5375,102.25,328.875,251.125
2,13,4.98,9.0,79.6,1020.52,143.4,3.0,478.4,255.7,77.8
8,11,23.3,24.28666666666667,53.26666666666666,1008.5133333333334,161.53333333333333,0.8,334.93333333333334,400.86666666666673,178.66666666666663
2,3,11.73,16.11,71.2,987.32,239.5,7.74,57.3,113.0,101.4
1,28,3.77,7.33,69.6,990.25,310.4,6.16,258.7,140.2,70.9
10,13,21.93636363636364,27.15454545454545,53.45454545454545,997.3909090909093,209.45454545454547,6.7727272727272725,338.90909090909093,263.72727272727275,118.72727272727272
3,29,15.935714285714285,8.657142857142857,44.07142857142857,1019.2571428571428,183.5,2.021428571428572,607.8571428571429,386.4285714285714,72.57142857142857
1,2,7.622222222222222,13.755555555555556,88.1111111111111,1014.6333333333334,207.22222222222226,2.6666666666666665,24.555555555555557,88.44444444444444,85.55555555555556
1,10,8.27,10.88,68.4,1013.54,321.5,4.09,15.9,82.9,80.1
8,6,19.2,22.7375,64.0,995.39375,225.0625,5.7125,54.0625,239.5,204.375
9,17,20.46923076923077,20.6,48.846153846153854,1004.6153846153846,137.38461538461542,2.630769230769231,431.1538461538461,348.3846153846154,144.69230769230768
2,16,14.88,22.630000000000006,60.2,997.29,214.0,10.65,7.8,132.8,130.1
1,12,5.688888888888888,13.611111111111109,88.8888888888889,1010.8444444444444,261.44444444444446,5.7666666666666675,0.0,55.444444444444436,55.444444444444436
6,28,27.2875,21.3625,44.625,1009.70625,73.5625,3.9625,443.6875,474.625,153.0
11,26,9.122222222222222,14.533333333333335,73.77777777777777,1008.6444444444444,110.0,1.0444444444444445,479.66666666666674,178.33333333333337,50.66666666666666
4,26,12.593333333333335,14.633333333333333,69.2,998.72,218.06666666666663,4.406666666666666,391.4666666666666,365.86666666666673,172.86666666666667
7,27,25.2625,26.16875,38.8125,1000.8875,217.9375,5.21875,620.25,475.25,77.375
10,25,12.9,19.1,73.63636363636364,1008.1181818181816,208.3636363636364,3.363636363636364,34.54545454545455,121.72727272727272,115.63636363636364
3,9,7.875,10.608333333333333,57.66666666666666,1009.7666666666668,323.5,2.1,293.3333333333333,281.3333333333333,155.66666666666666
7,22,27.7375,25.21875,37.4375,1012.04375,103.6875,1.39375,541.1875,472.5625,109.875
6,18,18.33125,22.04375,59.8125,1001.2625,217.8125,3.9,184.125,353.125,246.6875
8,15,26.03333333333333,26.85333333333333,44.46666666666667,1003.5666666666667,229.86666666666667,2.993333333333333,432.2,411.4,159.8
8,26,18.192857142857143,21.914285714285718,62.14285714285714,1007.5214285714284,203.35714285714286,4.121428571428572,32.642857142857146,237.5,221.14285714285717
1,18,6.15,8.3,72.8,1016.84,231.5,2.0,286.6,144.7,72.9
8,8,32.67333333333333,31.246666666666666,28.86666666666667,1006.62,100.53333333333332,1.913333333333333,304.1333333333333,362.73333333333335,184.13333333333333
4,24,14.553333333333335,6.873333333333332,40.13333333333333,1011.5866666666666,57.6,4.233333333333333,674.4666666666667,472.8,72.46666666666667
12,1,3.311111111111112,13.466666666666667,80.22222222222223,1004.8777777777775,19.444444444444443,3.8555555555555565,3.333333333333333,76.77777777777777,76.33333333333333
8,28,25.792857142857148,35.69285714285714,51.0,1004.8357142857144,238.28571428571428,3.2214285714285715,172.5,328.42857142857144,224.42857142857144
8,14,25.026666666666664,18.393333333333327,38.0,1009.7866666666665,22.8,1.6133333333333333,639.2666666666668,465.8,83.13333333333334
3,10,7.8583333333333325,15.191666666666668,61.16666666666666,1006.2833333333333,206.16666666666663,5.541666666666668,74.5,191.08333333333331,156.91666666666666
6,3,21.8125,30.5375,66.1875,1008.26875,238.125,1.2,72.6875,325.5,274.4375
2,14,9.68,11.24,71.0,1011.99,228.1,3.3,134.6,153.8,111.5
12,11,9.0625,17.45,91.875,978.8875,213.75,2.9625,47.0,82.625,68.5
12,15,9.444444444444443,10.066666666666666,61.88888888888889,993.9666666666667,232.66666666666663,5.022222222222221,95.22222222222223,113.55555555555556,90.44444444444444
4,12,8.014285714285714,8.321428571428571,49.5,1017.7571428571428,298.0,3.3857142857142857,328.0,364.28571428571433,179.5
10,11,16.958333333333332,21.241666666666667,61.33333333333334,1004.2333333333332,211.66666666666663,4.95,229.25,232.08333333333331,137.41666666666666
5,21,13.8875,12.31875,58.0,997.2,234.9375,7.16875,218.75,361.4375,210.125
1,1,4.088888888888889,12.988888888888885,81.55555555555556,1019.5666666666667,161.0,2.177777777777778,8.666666666666666,75.44444444444444,74.66666666666667
12,2,4.433333333333334,9.477777777777778,72.77777777777777,1017.9555555555555,8.777777777777779,2.4444444444444446,410.5555555555555,161.11111111111111,63.0
4,13,6.0,5.942857142857143,51.64285714285714,1008.45,35.357142857142854,4.271428571428571,531.7142857142857,428.0,138.85714285714286
10,24,15.654545454545454,19.363636363636363,65.36363636363636,997.5454545454544,201.63636363636363,5.090909090909091,96.1818181818182,165.0,136.72727272727272
8,13,24.87333333333333,37.406666666666666,56.13333333333333,1001.6933333333333,208.66666666666663,3.14,171.0,317.6666666666667,197.26666666666668
8,31,25.964285714285715,27.37142857142857,42.357142857142854,1001.5785714285713,223.35714285714286,4.071428571428571,305.57142857142856,362.57142857142856,170.78571428571428
8,11,19.026666666666664,22.78,55.53333333333333,1005.5866666666666,224.7333333333333,3.24,120.8,203.06666666666663,154.2
9,14,21.664285714285718,20.85,53.78571428571429,1018.2714285714284,54.714285714285715,2.7642857142857147,544.0,367.9285714285714,82.14285714285714
6,29,14.675,24.94375,84.5,1003.01875,228.1875,1.425,0.0,207.5,207.5
6,26,25.1125,34.70625,60.0,1000.46875,239.625,4.05,129.25,315.6875,212.1875
9,29,15.053846153846154,13.376923076923076,53.53846153846154,1011.4923076923076,286.53846153846155,5.561538461538461,275.6923076923077,250.9230769230769,136.23076923076923
7,27,18.08125,29.0625,75.0,1001.675,211.375,3.925,9.875,160.125,158.5
6,22,20.541176470588233,16.764705882352942,46.470588235294116,1015.1882352941176,220.05882352941174,1.623529411764706,618.0,492.7647058823529,86.64705882352942
7,29,22.84375,18.98125,39.6875,1009.575,274.0625,1.03125,638.5,477.375,75.875
5,6,7.38,16.513333333333335,87.8,995.2466666666666,231.26666666666668,2.933333333333333,3.2666666666666666,140.66666666666666,138.73333333333332
3,3,12.066666666666668,17.599999999999994,71.58333333333333,995.15,219.25,9.633333333333336,16.166666666666668,88.66666666666669,79.91666666666667
8,4,22.2125,20.19375,39.0,1006.975,227.0625,0.9125,472.4375,416.25,153.5625
11,4,12.854545454545455,15.672727272727276,64.0909090909091,978.4272727272728,230.0,6.145454545454545,205.27272727272728,168.45454545454547,106.45454545454544
10,7,15.441666666666665,21.9,61.5,1015.9833333333332,122.5,1.1083333333333332,225.83333333333331,245.58333333333331,166.66666666666666
2,17,11.06,6.76,47.8,1005.37,192.4,5.09,622.4,295.7,71.2
8,21,23.55333333333333,29.64,51.4,1005.1333333333333,191.46666666666667,3.6266666666666665,59.4,241.4,208.13333333333333
3,25,11.45,12.5,63.66666666666666,1010.9166666666665,264.1666666666667,2.3916666666666666,157.0,218.75,157.08333333333334
7,9,25.18125,28.13125,51.5625,1004.2375,245.875,3.6375,589.0625,485.5,110.4375
9,12,20.521428571428565,30.07142857142857,67.85714285714286,1019.842857142857,285.7142857142857,1.8571428571428568,0.5714285714285714,173.5714285714286,173.5
1,15,10.44,17.02,67.4,1002.32,208.7,7.55,50.5,90.7,81.0
5,13,12.06875,10.31875,48.0625,1000.68125,35.5625,5.3625,380.75,437.3125,161.5
10,5,12.791666666666664,23.05,80.16666666666667,990.7666666666668,237.16666666666663,6.416666666666668,0.0,96.58333333333331,96.58333333333331
5,29,18.0625,21.15,54.5625,1012.4,64.0625,3.18125,379.75,445.875,152.875
11,2,17.11818181818182,27.61818181818182,75.72727272727273,1002.0090909090907,231.9090909090909,6.990909090909091,59.18181818181818,97.27272727272728,86.63636363636364
5,1,13.533333333333333,14.046666666666665,60.2,992.8866666666668,253.0,5.713333333333334,181.0,297.6666666666667,199.2
2,6,7.88,18.68,87.8,992.44,36.5,3.29,0.0,46.2,46.2
3,15,10.691666666666668,11.816666666666668,60.5,1008.3083333333334,323.9166666666667,5.933333333333334,44.83333333333334,177.0,159.75
8,15,19.90714285714285,22.97142857142857,60.85714285714285,1004.9357142857144,273.92857142857144,5.735714285714287,125.57142857142857,292.5,229.78571428571428
11,16,6.088888888888889,12.088888888888887,82.66666666666667,995.0666666666667,151.44444444444446,3.733333333333333,24.66666666666667,95.77777777777777,93.0
5,8,20.02,20.146666666666665,48.53333333333333,1005.24,79.53333333333333,2.146666666666667,216.8,343.4,191.13333333333333
11,10,6.9700000000000015,11.92,77.9,998.91,109.4,0.97,12.5,88.1,86.7
3,25,7.671428571428572,7.328571428571428,60.07142857142857,1013.9785714285716,223.42857142857144,6.1000000000000005,466.8571428571428,342.64285714285717,112.35714285714286
9,7,26.271428571428572,23.27857142857143,36.642857142857146,1008.6428571428572,92.0,4.085714285714286,588.2857142857142,399.6428571428572,79.0
3,1,8.783333333333333,13.708333333333336,84.83333333333333,1005.0416666666665,303.25,5.491666666666667,4.083333333333333,83.41666666666667,83.0
2,14,-1.42,9.34,55.2,1020.32,132.7,4.2700000000000005,349.9,235.2,118.6
12,23,13.2375,20.8875,78.375,999.1625,211.875,6.1,13.25,54.875,53.625
6,5,14.28125,20.8375,65.3125,989.43125,258.5,6.4125,2.625,201.8125,200.125
3,3,6.366666666666667,9.716666666666667,66.0,993.925,248.91666666666663,3.141666666666667,225.58333333333331,231.33333333333331,150.41666666666666
5,26,12.34375,18.25625,74.625,1005.29375,264.9375,4.925,11.375,258.6875,250.0
3,1,9.525,8.25,57.33333333333334,1017.4,76.83333333333333,2.4250000000000003,583.9166666666666,302.75,64.16666666666667
7,31,18.5,23.68125,60.4375,1001.3625,272.125,3.39375,117.5,322.4375,259.875
10,9,14.658333333333333,17.933333333333334,58.91666666666666,1000.375,245.83333333333331,6.508333333333333,181.58333333333331,224.0,142.33333333333334
4,11,6.064285714285715,10.44285714285714,68.07142857142857,1004.5,107.5,4.621428571428573,0.0,121.21428571428572,121.21428571428572
3,26,7.557142857142857,6.0357142857142865,38.92857142857143,1006.6785714285713,56.07142857142857,4.678571428571429,600.6428571428571,379.8571428571428,75.28571428571429
12,13,5.9,18.344444444444445,82.33333333333333,999.4555555555555,181.55555555555557,4.155555555555555,15.444444444444445,75.1111111111111,71.77777777777777
3,7,8.625,10.891666666666666,73.25,987.0166666666668,241.5,9.733333333333333,188.08333333333331,211.0,150.75
9,10,21.43571428571429,31.357142857142854,66.0,1002.9285714285713,236.35714285714286,3.5785714285714287,59.0,208.5,172.85714285714286
6,11,19.0625,22.31875,51.5,996.54375,102.75,3.3,189.625,387.3125,246.125
12,5,5.477777777777778,11.022222222222224,78.44444444444444,992.3222222222223,293.22222222222223,4.833333333333333,67.33333333333333,80.22222222222223,66.77777777777777
6,22,20.77058823529412,22.405882352941173,48.352941176470594,1008.0588235294116,44.235294117647065,2.8352941176470585,472.2352941176471,444.64705882352933,112.23529411764706
1,26,3.3600000000000003,8.61,57.2,1010.63,224.0,3.24,28.2,104.0,100.2
4,25,12.478571428571426,16.092857142857145,73.78571428571429,988.65,195.5,6.171428571428572,77.21428571428571,209.2142857142857,166.85714285714286
5,13,11.953333333333335,13.413333333333332,69.13333333333334,996.7,222.33333333333331,3.7666666666666666,183.7333333333333,335.2,230.2
5,4,7.346666666666668,11.233333333333333,78.0,999.2266666666667,187.26666666666668,6.253333333333333,87.0,194.2,151.66666666666666
12,4,9.722222222222221,13.733333333333334,73.77777777777777,989.2333333333332,276.8888888888889,6.066666666666666,53.77777777777778,73.77777777777777,63.111111111111114
2,4,8.75,15.91,82.1,1000.96,165.9,2.85,147.7,149.0,107.8
2,11,-1.11,4.5600000000000005,49.7,1013.67,90.2,4.92,520.6,261.5,76.2
3,8,8.758333333333335,10.5,68.25,1002.0416666666665,244.25,6.1416666666666675,236.91666666666663,243.5,153.91666666666666
9,19,16.576923076923073,15.876923076923076,45.53846153846154,1016.6692307692308,53.0,5.0,654.3846153846154,387.6153846153846,60.92307692307693
7,19,23.225,31.55,53.4375,1003.80625,240.5,2.28125,263.125,392.625,214.875
10,24,12.0,6.327272727272727,50.45454545454545,1010.6363636363636,189.0,2.8454545454545457,584.0,273.1818181818182,63.63636363636363
4,14,9.664285714285716,7.878571428571428,44.85714285714285,1014.0357142857144,56.35714285714285,4.785714285714286,717.9285714285713,468.21428571428567,70.21428571428571
10,29,9.78181818181818,20.181818181818183,61.90909090909091,1010.2818181818184,74.72727272727273,4.063636363636364,18.90909090909091,121.0909090909091,117.9090909090909
3,17,7.308333333333334,9.216666666666667,74.58333333333333,995.0666666666666,273.0,7.675,221.75,255.66666666666663,136.08333333333334
2,27,12.325,8.508333333333333,62.58333333333334,1010.8166666666666,214.08333333333331,2.9250000000000003,588.5833333333334,294.0,60.91666666666666
10,26,17.181818181818183,14.836363636363634,59.45454545454545,1004.7727272727273,199.3636363636364,5.263636363636363,534.7272727272727,256.27272727272725,62.63636363636363
10,25,13.3,20.7,73.0909090909091,992.3272727272728,208.3636363636364,5.663636363636362,16.545454545454547,55.18181818181818,52.09090909090909
9,24,19.83076923076923,16.584615384615386,54.53846153846154,1007.5923076923076,257.0,1.2307692307692308,304.6923076923077,290.0,147.53846153846158
3,19,16.033333333333335,18.45,58.91666666666666,1011.7916666666665,118.08333333333331,1.4416666666666669,484.75,363.25,113.91666666666669
11,15,9.033333333333333,15.111111111111109,75.33333333333333,1012.6555555555556,24.11111111111111,3.533333333333333,0.0,52.77777777777778,52.77777777777778
7,23,25.00625,26.05625,53.625,1002.09375,80.4375,4.2625,272.3125,388.6875,211.375
6,13,19.725,22.325,54.8125,999.05,177.9375,4.10625,262.6875,383.1875,229.75
11,3,12.581818181818182,19.63636363636364,74.45454545454545,972.5363636363637,230.0,4.954545454545454,34.0,113.72727272727272,107.45454545454544
12,27,9.0,12.6,79.22222222222223,1017.1111111111113,336.22222222222223,2.9444444444444446,0.7777777777777778,73.1111111111111,73.0
7,21,23.80625,23.16875,45.0,1011.3125,294.5,2.21875,473.5625,455.3125,143.4375
2,23,14.918181818181818,16.636363636363637,67.45454545454545,1018.5272727272728,196.63636363636363,5.090909090909091,137.72727272727272,198.8181818181818,146.0909090909091
12,3,6.777777777777778,15.544444444444444,81.1111111111111,986.7444444444444,198.55555555555557,5.344444444444445,0.0,40.555555555555564,40.555555555555564
7,17,22.0,25.5625,54.625,1010.65,330.4375,1.8125,183.9375,327.8125,226.25
5,6,16.6875,16.025,45.625,1011.23125,71.6875,3.00625,558.3125,453.9375,92.125
5,23,17.8875,16.95625,53.25,1003.25,157.125,1.73125,356.75,426.9375,190.125
8,25,29.092857142857145,18.085714285714285,28.42857142857143,1007.2214285714286,74.71428571428571,1.2071428571428569,649.7142857142858,458.78571428571433,85.28571428571429
8,14,22.88666666666667,37.86,65.2,1003.2733333333333,238.86666666666667,3.2666666666666666,60.66666666666666,259.6666666666667,217.13333333333333
4,10,10.985714285714288,20.914285714285715,87.5,998.4714285714286,203.7142857142857,3.835714285714285,0.0,126.78571428571428,126.78571428571428
10,31,14.545454545454545,24.036363636363635,78.9090909090909,988.6090909090907,194.27272727272728,6.236363636363635,44.27272727272727,112.9090909090909,102.45454545454544
11,14,11.33,15.96,78.0,1008.87,91.5,3.43,34.1,82.0,74.5
3,29,12.157142857142857,12.828571428571427,62.85714285714285,1012.4785714285716,91.21428571428572,3.0142857142857147,538.0,368.78571428571433,90.42857142857143
4,14,5.95,6.9785714285714295,55.57142857142857,1007.5714285714287,60.0,3.585714285714286,383.0,385.6428571428572,192.5
2,24,8.758333333333333,7.75,47.16666666666666,1019.8,86.66666666666669,3.158333333333333,615.1666666666666,283.0833333333333,50.83333333333334
2,4,2.37,11.04,74.7,1011.01,197.4,5.98,1.3,88.7,88.7
3,10,10.041666666666666,9.25,70.16666666666667,1000.6166666666667,269.5,11.358333333333334,335.8333333333333,278.5,137.0
3,18,6.191666666666666,13.666666666666664,75.75,1014.2333333333332,264.0833333333333,3.45,0.25,149.58333333333334,149.5
3,14,9.016666666666667,10.416666666666666,59.33333333333334,1006.3916666666668,294.1666666666667,6.258333333333333,89.83333333333331,222.91666666666663,188.25
9,12,20.4,14.907692307692306,46.69230769230769,1010.5307692307692,321.3076923076923,2.1,463.46153846153845,386.92307692307685,132.15384615384616
10,10,15.308333333333332,10.866666666666667,50.16666666666666,1015.825,18.916666666666668,2.4166666666666665,490.75,297.3333333333333,92.08333333333331
10,27,10.263636363636364,21.46363636363636,77.9090909090909,995.518181818182,199.3636363636364,6.136363636363638,6.636363636363638,89.27272727272727,88.36363636363636
6,16,18.511764705882356,22.635294117647057,62.058823529411775,1010.029411764706,213.64705882352942,3.170588235294117,239.7647058823529,350.2941176470588,224.64705882352942
7,16,19.075,30.23125,64.125,1012.55,96.3125,4.3125,76.375,223.5,187.5
8,15,24.69333333333333,28.473333333333336,54.86666666666667,1003.4533333333333,297.4,1.36,178.8,309.26666666666665,202.8
1,25,5.13,13.89,82.7,1009.36,131.8,1.58,9.5,109.5,107.6
4,16,9.785714285714286,20.178571428571427,87.07142857142857,1000.4928571428572,256.0,3.1428571428571432,0.0,126.35714285714286,126.35714285714286
1,21,8.23,13.2,70.1,984.54,212.0,6.9700000000000015,0.0,62.5,62.5
11,5,10.681818181818182,14.954545454545455,74.63636363636364,985.2636363636364,157.54545454545453,1.836363636363636,171.54545454545453,160.45454545454547,98.9090909090909
9,6,18.12142857142857,16.82857142857143,37.785714285714285,1013.9571428571428,310.2857142857143,2.378571428571429,505.57142857142856,390.1428571428572,90.35714285714286
8,16,19.313333333333333,24.966666666666665,58.06666666666667,1006.46,286.93333333333334,4.786666666666666,74.0,238.9333333333333,201.86666666666667
4,28,9.24,12.646666666666668,70.46666666666667,1005.66,297.2,6.366666666666666,41.06666666666667,210.6,195.6
7,15,19.825,18.29375,54.4375,1008.625,19.0625,3.75625,553.1875,481.0,130.75
11,16,8.100000000000001,12.077777777777778,66.44444444444444,1012.0333333333333,130.0,1.3222222222222222,0.0,58.77777777777778,58.77777777777778
8,2,19.51875,24.275,59.4375,1004.05,260.9375,2.71875,36.625,262.3125,234.1875
12,28,6.2333333333333325,10.31111111111111,84.44444444444444,1025.9,91.77777777777777,2.0111111111111106,20.555555555555557,70.77777777777777,68.77777777777777
11,13,11.54,17.119999999999994,81.6,1004.8,280.4,3.29,7.6,80.0,78.5
2,6,8.190000000000001,20.89,94.7,1007.99,197.2,4.84,0.0,78.8,78.8
5,2,13.513333333333332,11.04,50.6,1001.8066666666667,279.1333333333333,3.4866666666666664,222.53333333333333,365.53333333333336,234.46666666666667
2,12,7.43,10.19,64.4,1009.63,255.8,5.16,252.9,209.2,129.0
3,31,7.814285714285715,7.25,57.35714285714285,1015.1357142857142,55.85714285714285,4.557142857142857,489.21428571428567,369.1428571428572,133.85714285714286
8,23,19.44,18.573333333333334,54.73333333333333,1009.5333333333333,271.3333333333333,4.026666666666666,132.2,275.53333333333336,221.33333333333331
7,6,18.05,19.875,63.8125,997.85,224.4375,6.11875,136.0,328.875,237.5625
4,17,20.085714285714285,23.87857142857143,53.78571428571429,1002.3785714285713,171.0,2.7571428571428567,257.85714285714283,355.3571428571428,194.14285714285717
9,3,22.22142857142857,31.7,42.785714285714285,1010.05,232.78571428571428,3.15,232.57142857142856,331.0,182.42857142857144
12,19,10.5375,17.975,82.25,1001.8625,205.5,5.35,16.125,61.375,59.5
5,14,10.0375,15.8625,87.4375,997.8125,242.375,3.3,12.75,213.0,206.375
7,20,21.5,19.75,52.5625,1008.4875,19.5,4.1875,457.375,439.75,124.125
12,12,4.7444444444444445,14.077777777777778,78.77777777777777,988.8777777777775,184.33333333333331,5.988888888888888,10.222222222222221,75.33333333333333,73.77777777777777
3,5,5.058333333333334,5.941666666666666,53.91666666666666,1015.5833333333335,40.833333333333336,4.525,1.25,104.16666666666669,104.0
9,20,24.01538461538461,33.54615384615385,53.846153846153854,1003.6923076923076,93.46153846153848,1.4384615384615385,252.9230769230769,291.07692307692315,170.23076923076925
6,2,24.60625,20.55,43.4375,1004.89375,67.4375,1.5875,586.75,502.4375,106.75
11,23,6.011111111111112,8.61111111111111,55.444444444444436,1017.3666666666666,49.0,4.766666666666667,618.4444444444445,201.88888888888889,34.888888888888886
3,15,9.891666666666667,18.78333333333333,85.08333333333333,1000.675,259.6666666666667,9.666666666666666,0.0,95.16666666666669,95.16666666666669
11,30,6.855555555555557,8.422222222222222,64.22222222222223,1008.4666666666667,101.0,4.222222222222221,260.0,150.33333333333334,83.22222222222223
11,28,4.477777777777779,10.011111111111113,76.77777777777777,991.2444444444444,321.1111111111111,6.366666666666666,39.555555555555564,92.55555555555556,83.22222222222223
1,26,7.840000000000002,14.7,80.9,1005.38,201.7,3.53,32.7,85.1,78.3
2,26,6.227272727272728,7.8909090909090915,59.0,997.2636363636364,289.27272727272725,6.790909090909091,198.63636363636363,176.36363636363637,115.9090909090909
2,23,12.7,22.509090909090904,76.54545454545455,1012.8818181818184,242.63636363636363,7.445454545454546,0.0,72.72727272727273,72.72727272727273
2,17,10.60909090909091,10.745454545454548,54.81818181818182,1006.6454545454544,243.45454545454547,6.954545454545454,295.45454545454544,209.3636363636364,106.1818181818182
3,22,7.583333333333332,8.858333333333333,62.33333333333334,1014.7666666666668,45.25,3.375,47.08333333333334,157.41666666666666,145.66666666666666
11,29,6.300000000000002,9.022222222222222,61.555555555555564,1011.8555555555556,48.0,2.9222222222222225,95.33333333333331,84.66666666666667,68.44444444444444
12,21,9.2,12.466666666666667,72.77777777777777,978.0666666666667,196.22222222222226,5.966666666666668,46.0,99.11111111111113,87.0
11,6,8.909090909090908,14.554545454545455,60.63636363636363,1019.3454545454545,251.0909090909091,2.163636363636364,442.1818181818182,204.72727272727272,57.27272727272727
1,24,2.56,8.0,81.7,989.83,202.7,4.33,13.9,61.4,58.9
7,9,20.05,22.60625,42.625,1009.16875,44.8125,4.01875,662.8125,509.9375,80.875
4,26,16.733333333333334,9.813333333333333,36.266666666666666,1000.2266666666667,171.8,2.053333333333333,637.7333333333332,470.4,89.26666666666668
12,29,4.233333333333333,11.2,84.22222222222223,980.2777777777777,216.0,3.4222222222222225,0.0,32.22222222222222,32.22222222222222
10,7,15.058333333333335,23.66666666666667,63.5,1007.4333333333334,265.4166666666667,3.2583333333333333,177.41666666666663,231.0,163.25
9,18,22.62307692307692,21.215384615384615,48.46153846153846,1006.2153846153847,67.61538461538461,3.8230769230769233,433.6153846153846,353.0,123.15384615384615
9,26,19.316666666666666,32.725,68.16666666666667,999.9416666666666,224.08333333333331,6.166666666666668,3.75,139.08333333333334,136.83333333333334
6,3,19.4625,27.4,65.5625,1004.4,260.6875,2.4375,81.9375,241.25,196.8125
6,15,24.935294117647057,24.758823529411764,47.0,1007.8117647058824,338.29411764705884,1.876470588235294,524.5882352941177,472.47058823529403,110.41176470588236
12,18,6.488888888888888,8.944444444444445,72.22222222222223,1023.7888888888887,46.111111111111114,3.1333333333333333,518.8888888888888,154.11111111111111,32.55555555555556
6,7,16.16875,16.5125,55.3125,998.80625,266.8125,2.74375,21.0,265.75,250.8125
7,27,20.686666666666667,32.20666666666667,62.6,995.2933333333333,329.8666666666667,4.046666666666667,90.46666666666668,270.26666666666665,222.86666666666667
6,16,19.475,24.15625,58.0,1003.99375,212.125,2.68125,105.25,338.4375,261.75
8,4,16.2,27.0,70.5625,1001.9625,122.4375,1.2375,59.375,226.625,188.1875
4,20,14.564285714285715,13.121428571428574,48.85714285714285,1005.2,60.214285714285715,1.8357142857142856,213.7142857142857,341.7857142857143,212.2142857142857
6,17,18.725,21.55625,58.375,1001.46875,213.1875,2.3375,26.4375,277.375,267.1875
9,29,17.123076923076926,27.93846153846154,71.0,994.3615384615384,222.46153846153842,7.784615384615384,35.153846153846146,140.0769230769231,127.30769230769229
10,16,15.20909090909091,12.827272727272724,50.36363636363637,1010.1181818181816,56.27272727272727,1.718181818181818,513.9090909090909,294.72727272727275,85.18181818181819
2,15,8.818181818181818,6.5181818181818185,65.9090909090909,1014.0454545454544,154.54545454545453,3.2181818181818183,613.7272727272727,265.0,51.36363636363637
8,17,21.85,28.914285714285718,57.35714285714285,999.2714285714284,220.14285714285717,4.178571428571429,104.64285714285714,286.64285714285717,225.57142857142856
9,22,17.653846153846153,18.54615384615385,45.615384615384606,1016.3076923076924,66.23076923076923,2.3538461538461544,570.9230769230769,364.46153846153845,75.38461538461539
6,27,18.3,32.14375,85.5625,1002.0375,156.625,1.49375,42.125,207.3125,183.25
5,19,19.64375,18.0875,46.1875,1012.525,283.3125,2.94375,643.25,492.125,86.5625
5,24,17.30625,21.475,61.5,1001.95625,325.875,2.8375,206.875,371.9375,212.875
2,26,10.60909090909091,8.200000000000001,55.27272727272727,1023.6818181818179,101.63636363636364,4.045454545454546,138.0,190.0,148.8181818181818
5,4,16.779999999999998,20.14,64.66666666666667,1006.02,51.53333333333333,2.1933333333333334,25.066666666666666,261.73333333333335,243.46666666666667
7,9,19.40625,25.11875,63.5,1011.29375,283.125,1.66875,7.9375,230.0,223.8125
10,15,10.627272727272727,16.263636363636365,60.36363636363637,1008.2818181818184,20.454545454545453,4.363636363636363,83.27272727272727,180.8181818181818,155.27272727272728
4,17,14.135714285714286,13.507142857142856,62.14285714285714,1004.7357142857144,130.14285714285714,3.164285714285714,637.5,456.07142857142856,94.85714285714286
1,14,9.34,18.8,85.0,1004.18,259.0,5.51,9.9,52.0,51.0
2,13,9.81,13.77,67.3,991.11,240.4,9.07,158.4,166.8,100.0
8,22,22.946666666666665,14.46,31.0,1014.4,15.533333333333333,1.82,592.5333333333333,438.66666666666674,93.0
11,24,5.488888888888888,7.455555555555555,73.33333333333333,1009.2444444444444,49.555555555555564,2.8222222222222215,206.0,138.44444444444446,87.77777777777777
4,20,16.766666666666666,18.74,55.93333333333333,999.6266666666667,64.53333333333333,5.006666666666666,461.53333333333336,411.33333333333326,125.53333333333332
4,21,18.866666666666667,10.653333333333334,43.8,1002.4066666666665,72.4,3.0133333333333336,363.0,377.9333333333333,178.4
12,6,6.288888888888889,11.566666666666665,73.77777777777777,1002.9777777777775,179.55555555555554,3.0777777777777784,22.11111111111111,87.44444444444444,81.0
3,19,6.666666666666668,6.633333333333333,52.5,1011.4333333333334,34.833333333333336,6.2666666666666675,189.58333333333331,285.9166666666667,205.91666666666663
8,26,20.521428571428565,16.514285714285712,50.57142857142857,1006.6928571428572,274.2857142857143,4.9714285714285715,353.5,388.1428571428572,155.92857142857142
4,11,21.0,14.335714285714285,37.357142857142854,1010.5642857142856,157.0,0.9928571428571428,139.57142857142858,323.0,224.2142857142857
12,19,4.733333333333333,7.4444444444444455,80.66666666666667,1020.0,44.22222222222222,3.088888888888889,0.0,83.1111111111111,83.1111111111111
4,4,9.80714285714286,9.314285714285717,50.714285714285715,1013.2857142857144,66.0,3.064285714285714,528.9285714285714,394.1428571428572,106.85714285714286
8,21,20.88,16.893333333333334,40.4,1015.9333333333333,49.8,1.7666666666666666,504.13333333333327,415.26666666666665,135.33333333333334
1,8,2.0111111111111106,7.133333333333334,79.44444444444444,1007.0222222222225,264.3333333333333,1.2111111111111112,26.0,81.1111111111111,76.22222222222223
1,5,7.833333333333332,9.077777777777778,67.1111111111111,1024.4444444444443,201.11111111111111,0.6555555555555556,16.333333333333332,78.0,76.55555555555556
7,10,16.84375,27.71875,78.5,1005.50625,252.1875,2.525,23.625,194.8125,186.125
12,17,9.4,10.666666666666666,80.66666666666667,1009.7333333333332,215.22222222222226,3.7888888888888888,106.55555555555556,66.22222222222223,51.111111111111114
5,29,20.19375,11.34375,39.0625,1012.95,71.5625,4.2875,717.875,525.375,71.1875
10,16,11.2,16.054545454545455,62.27272727272727,1010.4636363636363,19.90909090909091,3.0545454545454547,83.0,167.36363636363637,129.72727272727272
9,13,22.115384615384613,26.092307692307692,53.53846153846154,1004.3,96.6153846153846,2.707692307692308,378.3076923076923,355.46153846153845,156.38461538461542
12,1,7.788888888888887,11.322222222222226,68.22222222222223,1010.0888888888887,336.4444444444445,5.333333333333333,78.8888888888889,89.0,73.55555555555556
12,15,10.7875,14.2625,76.875,999.8875,219.5,2.7625,304.5,136.25,64.25
11,25,9.155555555555557,16.844444444444445,74.44444444444444,1005.2666666666668,181.77777777777774,3.0444444444444443,120.88888888888887,121.66666666666669,97.55555555555556
6,28,19.09375,20.94375,55.6875,1004.81875,240.125,4.675,120.5625,323.375,253.0625
3,31,19.964285714285715,12.5,43.57142857142857,1010.4,192.64285714285717,2.0357142857142856,550.0,380.8571428571428,89.07142857142857
11,27,2.9777777777777783,10.166666666666666,91.44444444444444,977.8555555555556,187.55555555555557,4.133333333333334,14.666666666666664,79.33333333333333,76.66666666666667
8,24,20.57857142857143,24.707142857142852,51.07142857142857,1007.55,266.14285714285717,2.707142857142857,143.5,276.85714285714283,228.0
7,20,25.0375,22.85,50.6875,1008.78125,59.625,3.15,571.75,482.0625,106.8125
8,7,22.78125,23.1375,50.0625,998.95625,267.8125,3.04375,190.6875,340.5,232.4375
3,20,14.383333333333333,19.341666666666665,60.33333333333334,1010.5333333333333,37.333333333333336,3.825,254.66666666666663,315.5,170.75
1,6,5.133333333333334,9.81111111111111,71.44444444444444,1014.1222222222225,178.44444444444446,3.7222222222222223,546.7777777777778,167.77777777777774,35.77777777777778
9,29,15.758333333333333,28.575,82.41666666666667,1007.2083333333335,243.41666666666663,2.4166666666666665,0.0,126.08333333333331,126.08333333333331
6,4,22.425,32.60625,64.875,995.43125,172.75,4.375,79.1875,289.0,230.125
5,15,11.5625,15.45625,81.3125,993.39375,227.0,5.1,119.8125,264.25,181.125
11,7,12.82,20.15,71.3,1009.28,119.2,2.05,192.0,171.0,106.3
9,19,24.56153846153846,35.14615384615385,51.153846153846146,1002.2384615384616,113.6153846153846,2.4384615384615382,48.69230769230769,207.0,175.6923076923077
10,4,13.008333333333333,16.033333333333335,63.33333333333334,983.0416666666665,212.33333333333331,6.55,63.58333333333334,181.75,160.0
9,7,19.678571428571427,17.771428571428572,39.57142857142857,1014.092857142857,268.64285714285717,1.5,542.8571428571429,386.0,104.57142857142857
7,4,22.1,15.329411764705885,44.529411764705884,1010.9470588235292,49.88235294117647,3.605882352941176,659.9411764705882,495.1764705882353,73.58823529411767
11,2,10.6,13.254545454545456,67.18181818181819,990.1727272727272,225.0,3.727272727272727,303.72727272727275,198.27272727272728,98.0909090909091
12,13,7.955555555555555,10.444444444444443,62.444444444444436,975.811111111111,280.5555555555556,8.577777777777778,172.0,115.88888888888887,72.0
12,12,8.977777777777778,16.0,88.55555555555556,1014.3666666666666,209.55555555555557,2.7888888888888888,2.1111111111111107,75.22222222222223,74.66666666666667
1,22,0.7888888888888891,9.933333333333332,95.22222222222223,990.2888888888887,213.66666666666663,3.755555555555555,0.3333333333333333,56.66666666666666,56.66666666666666
8,29,17.04285714285714,21.814285714285717,64.71428571428571,1010.3214285714287,13.642857142857142,3.8571428571428568,5.5,191.35714285714286,189.28571428571428
11,11,13.077777777777778,17.055555555555557,74.44444444444444,1011.6666666666665,177.88888888888889,2.6333333333333333,2.333333333333333,80.1111111111111,79.44444444444444
7,28,20.90625,17.7,48.1875,1005.76875,294.3125,4.2375,504.4375,446.1875,126.5
6,5,17.125,23.48125,66.375,1013.4125,282.875,3.46875,59.9375,263.125,236.0
5,14,13.775,12.55,47.0,1014.11875,52.3125,5.60625,695.25,492.6875,67.75
2,5,7.56,8.09,67.2,1025.34,68.4,1.49,140.0,151.8,110.8
1,28,6.65,9.35,60.1,992.92,256.6,7.9700000000000015,247.9,168.8,93.3
4,7,11.021428571428574,13.885714285714286,66.07142857142857,992.2857142857144,256.7857142857143,2.821428571428572,5.142857142857143,224.2142857142857,223.57142857142856
3,22,10.53076923076923,8.669230769230769,66.61538461538461,1014.2692307692308,183.15384615384616,2.123076923076923,642.7692307692307,384.5384615384616,69.92307692307692
12,6,4.955555555555557,11.244444444444444,73.22222222222223,987.8666666666666,83.22222222222223,1.9444444444444444,2.4444444444444446,73.44444444444444,72.77777777777777
3,29,6.735714285714287,6.342857142857143,43.42857142857143,1016.8357142857144,25.07142857142857,7.707142857142857,97.71428571428572,202.2142857142857,161.14285714285714
3,31,13.607142857142858,11.592857142857143,50.85714285714285,1004.1214285714287,57.714285714285715,3.707142857142857,603.8571428571429,390.5,77.64285714285714
2,1,8.690000000000001,15.7,78.3,985.32,298.3,4.04,8.0,65.3,64.4
12,22,9.8875,13.3875,64.5,980.75,265.125,8.025,66.0,106.25,94.625
10,20,15.127272727272727,30.80909090909091,72.81818181818181,998.0,184.45454545454547,5.245454545454546,0.0,58.27272727272727,58.27272727272727
9,2,19.107142857142858,15.5,42.142857142857146,1008.592857142857,242.57142857142856,2.1928571428571426,487.78571428571433,389.71428571428567,134.28571428571428
9,14,20.76153846153846,38.57692307692308,78.69230769230771,1000.8846153846154,178.23076923076923,2.069230769230769,30.153846153846153,200.7692307692308,179.76923076923077
2,25,10.65,8.983333333333333,49.91666666666666,1019.775,80.25,3.25,614.75,285.8333333333333,50.75
5,28,19.725,17.00625,51.625,1018.15,41.3125,4.3,651.3125,508.3125,89.0625
2,16,8.26,15.59,79.8,1005.09,198.1,4.45,57.3,171.4,153.8
2,3,12.69,22.14,73.5,1007.63,243.7,4.65,0.0,77.5,77.5
7,22,20.84375,17.0625,37.75,1011.29375,86.125,3.2375,559.375,478.6875,106.875
5,20,22.40625,23.1875,47.875,1010.3125,51.25,2.5875,631.5,488.3125,87.375
11,3,10.14,12.11,64.6,990.96,336.4,3.49,208.3,170.3,101.8
12,9,9.433333333333334,11.922222222222222,63.111111111111114,997.9,305.5555555555556,8.399999999999999,71.22222222222223,102.44444444444444,86.0
2,21,13.30909090909091,13.79090909090909,54.90909090909091,1000.9090909090908,162.1818181818182,3.2454545454545456,377.9090909090909,252.45454545454547,95.1818181818182
2,6,6.56,6.2200000000000015,55.9,1019.25,82.6,2.34,640.1,248.9,45.5
6,8,16.7375,16.54375,53.5625,1010.18125,234.0625,6.13125,210.4375,382.25,239.5625
2,27,8.0,9.633333333333333,58.83333333333334,1026.25,37.41666666666666,4.7250000000000005,608.3333333333334,295.3333333333333,52.91666666666666
12,26,7.8,15.3125,72.75,1011.1625,202.75,3.6375,212.5,128.125,71.75
10,28,13.318181818181818,17.563636363636366,62.0,1000.4909090909093,227.3636363636364,6.836363636363638,70.45454545454545,118.0909090909091,102.9090909090909
10,13,11.536363636363635,17.581818181818182,71.9090909090909,997.6,263.90909090909093,3.7454545454545456,53.63636363636363,152.63636363636363,132.0
8,13,17.89375,20.15,52.5625,1009.66875,267.75,3.51875,189.625,291.125,189.75
2,10,7.63,13.14,84.2,984.65,253.5,10.98,63.9,112.3,87.3
7,5,25.45882352941177,15.3,34.35294117647059,1007.0588235294116,58.764705882352935,2.0294117647058822,650.7647058823529,495.7647058823529,71.94117647058823
10,20,11.854545454545455,24.163636363636364,83.0909090909091,995.2818181818184,21.545454545454547,4.427272727272729,0.0,116.36363636363636,116.36363636363636
1,11,2.8,12.566666666666665,82.8888888888889,1012.3,222.44444444444446,2.311111111111112,1.5555555555555556,59.111111111111114,59.0
8,24,26.466666666666665,15.193333333333333,37.66666666666666,1007.6666666666665,116.46666666666668,1.52,467.6,407.86666666666673,125.13333333333334
11,7,10.11,10.49,60.0,987.99,240.6,5.86,425.4,213.7,78.9
8,3,22.34375,22.88125,51.9375,1007.3625,49.6875,2.3875,67.5625,314.1875,261.75
3,18,7.3,10.233333333333333,71.25,1006.9166666666665,305.5833333333333,4.383333333333334,143.0,260.4166666666667,209.58333333333331
5,24,11.88125,15.35,74.0625,997.61875,227.375,6.5875,126.5,278.5625,192.6875
9,15,23.51538461538461,17.992307692307698,38.769230769230774,1013.1923076923076,175.6923076923077,1.5461538461538462,633.9230769230769,401.23076923076917,75.53846153846153
8,3,19.71875,20.825,50.75,1004.20625,307.875,3.8125,94.625,296.0,231.0625
5,10,19.773333333333333,28.626666666666665,64.66666666666667,993.4933333333332,160.4,1.88,26.4,231.6,217.6
6,15,18.72941176470588,18.88235294117647,52.235294117647065,1005.2764705882353,239.94117647058826,4.170588235294118,376.1176470588235,428.8823529411765,175.11764705882354
7,15,19.04375,29.18125,59.5625,1005.45625,305.25,2.86875,6.625,250.0,245.125
4,27,19.246666666666666,22.34666666666667,50.06666666666667,996.5133333333334,202.8,2.6333333333333333,249.6,325.6,171.0
9,26,20.091666666666665,29.391666666666666,66.33333333333333,1004.425,219.0,4.266666666666667,18.916666666666668,162.5,155.16666666666666
3,5,9.733333333333333,19.70833333333333,84.5,977.6416666666668,184.5,4.466666666666667,25.0,106.83333333333331,93.66666666666669
1,12,7.6625,19.9875,90.25,1003.1875,266.5,5.9,0.0,62.75,62.75
11,21,7.155555555555557,11.544444444444444,71.0,993.5555555555555,150.0,3.2333333333333334,391.22222222222223,185.55555555555557,67.77777777777777
11,26,5.888888888888888,12.666666666666664,71.66666666666667,989.3666666666666,227.77777777777774,5.855555555555557,1.8888888888888888,84.8888888888889,84.44444444444444
8,24,21.26428571428571,16.228571428571428,46.28571428571429,1012.7642857142856,47.92857142857143,5.335714285714286,420.57142857142856,412.57142857142856,180.0714285714286
3,11,12.808333333333332,13.475,54.33333333333334,995.1583333333333,251.25,8.975,155.33333333333334,214.91666666666663,144.0
11,2,13.78181818181818,18.818181818181817,68.36363636363636,982.7363636363636,224.72727272727272,7.518181818181818,32.18181818181818,125.9090909090909,117.27272727272728
6,21,20.1625,24.56875,66.4375,996.89375,213.75,2.6125,256.8125,411.0,211.3125
10,3,12.438461538461535,11.13846153846154,40.846153846153854,1008.7692307692308,170.84615384615384,1.5923076923076922,272.3076923076923,233.38461538461542,123.53846153846152
3,9,10.741666666666667,13.308333333333332,79.08333333333333,1003.8666666666667,255.25,7.7333333333333325,28.83333333333333,151.5,138.58333333333334
11,18,9.9,16.688888888888883,67.33333333333333,1020.4888888888887,262.1111111111111,1.1222222222222225,297.6666666666667,177.55555555555554,88.8888888888889
5,30,17.05625,26.025,72.9375,1010.63125,263.3125,3.98125,8.8125,214.625,209.375
2,21,7.366666666666667,12.641666666666666,62.08333333333334,1019.0416666666665,235.0,3.9583333333333335,327.3333333333333,221.41666666666663,106.25
2,8,7.85,19.14,84.1,1009.53,204.1,3.74,0.3,71.4,71.4
8,29,22.521428571428572,19.35,45.28571428571429,1010.1214285714287,293.07142857142856,2.85,278.42857142857144,295.35714285714283,167.42857142857142
10,27,14.318181818181818,19.654545454545453,63.72727272727273,1012.7545454545453,183.0,2.6545454545454543,476.8181818181818,242.72727272727272,62.0
7,12,20.43125,13.4,43.125,1014.70625,39.6875,3.40625,639.8125,510.375,90.375
1,22,3.09,5.84,57.9,1023.73,50.7,2.5,526.4,188.5,45.3
7,7,20.55625,19.8125,42.875,1010.30625,285.875,2.05,640.75,504.875,100.3125
4,11,9.035714285714286,6.064285714285715,54.64285714285714,1005.5357142857144,24.714285714285715,5.085714285714286,678.5,452.1428571428572,78.92857142857143
3,8,9.033333333333333,15.733333333333334,76.25,1002.875,220.25,6.308333333333334,9.833333333333334,118.58333333333331,117.08333333333331
8,12,19.64375,21.09375,50.5625,1005.475,247.0625,4.01875,201.875,288.125,190.0625
12,7,5.788888888888889,14.433333333333335,85.1111111111111,996.1111111111113,170.88888888888889,5.1,0.1111111111111111,57.22222222222222,57.22222222222222
10,1,14.238461538461538,23.823076923076922,63.30769230769231,1005.8076923076924,204.46153846153842,4.907692307692308,18.53846153846154,134.0769230769231,127.6153846153846
5,31,19.85,15.34375,40.875,1008.0125,74.0625,4.50625,626.3125,508.0,100.0
8,12,30.87333333333333,37.56,41.4,1001.0133333333334,167.46666666666667,2.14,327.1333333333333,374.13333333333327,136.0
2,21,8.0,9.05,76.16666666666667,1013.625,228.08333333333331,2.466666666666667,390.0,239.08333333333331,96.5
7,2,18.95,21.1125,57.875,1003.69375,272.375,4.00625,68.375,269.5,230.5
8,5,20.1,26.05625,60.5,997.70625,226.875,4.0375,83.75,281.4375,215.4375
6,10,17.1,18.7125,48.875,1004.4625,268.6875,2.28125,162.9375,333.625,236.125
8,30,17.942857142857143,23.75714285714286,66.0,1001.1857142857144,148.42857142857142,4.385714285714285,71.28571428571429,231.14285714285717,183.2142857142857
1,30,1.84,6.6400000000000015,82.0,982.67,255.3,5.68,236.6,157.3,82.2
10,19,12.345454545454546,13.345454545454546,56.54545454545455,1008.0363636363637,141.63636363636363,3.936363636363636,329.6363636363636,244.45454545454547,121.54545454545456
7,3,19.85625,31.0375,67.125,1003.5625,228.5,3.09375,41.5625,263.0,239.4375
10,19,20.227272727272727,23.736363636363638,52.81818181818182,1008.5272727272728,209.0909090909091,4.581818181818182,553.3636363636364,281.3636363636364,63.27272727272727
6,25,17.2125,27.8875,64.5625,1008.43125,247.1875,2.64375,14.0625,245.9375,236.3125
6,1,24.4125,21.63125,52.375,1010.04375,151.0625,2.03125,653.75,508.5,83.4375
1,23,3.09,5.85,56.3,1017.14,50.7,2.69,341.3,173.6,71.9
3,24,12.407692307692306,10.115384615384617,54.846153846153854,1011.9076923076924,216.15384615384616,2.769230769230769,646.6153846153846,391.3846153846154,70.53846153846153
11,19,9.977777777777778,17.98888888888889,71.1111111111111,1021.0888888888887,141.44444444444446,0.8,4.222222222222221,78.77777777777777,78.44444444444444
10,5,15.016666666666666,24.575,79.5,1003.7416666666667,233.08333333333331,1.5,8.166666666666666,164.91666666666666,163.41666666666666
7,14,19.8875,28.7875,53.125,1005.83125,295.25,2.6875,31.5625,256.9375,234.875
6,24,15.19375,24.03125,66.125,1010.7875,327.75,2.7875,130.625,284.375,225.625
7,12,22.1375,24.6875,54.625,1004.34375,302.0,4.2125,281.75,390.8125,235.0625
1,5,3.6666666666666665,10.255555555555556,82.55555555555556,1021.6777777777777,325.8888888888889,4.255555555555556,5.111111111111111,41.111111111111114,40.66666666666666
8,29,16.62142857142857,21.99285714285714,63.5,995.3214285714287,294.64285714285717,4.557142857142857,29.714285714285715,222.7142857142857,206.35714285714286
11,6,9.245454545454548,10.745454545454548,69.18181818181819,1016.0909090909092,94.0,3.7909090909090915,365.1818181818182,182.8181818181818,73.0
10,15,14.6,19.79090909090909,53.81818181818182,1008.7909090909093,337.1818181818182,1.009090909090909,333.72727272727275,267.3636363636364,125.45454545454544
